payment_id,payment_method,payment_status
1,Credit Card,Completed
2,Credit Card,Refunded
3,Credit Card,Completed
4,Debit Card,Completed
5,Debit Card,Completed
6,Wallet,Completed
7,Debit Card,Completed
8,Net Banking,Completed
9,Net Banking,Completed
10,Net Banking,Completed
11,Net Banking,Completed
12,Cash on Delivery,Failed
13,Cash on Delivery,Completed
14,Credit Card,Completed
15,Credit Card,Completed
16,Wallet,Completed
17,Net Banking,Completed
18,UPI,Completed
19,Credit Card,Completed
20,Wallet,Completed
21,Credit Card,Completed
22,Net Banking,Completed
23,Wallet,Completed
24,UPI,Completed
25,UPI,Completed
26,UPI,Completed
27,Credit Card,Completed
28,UPI,Completed
29,Net Banking,Completed
30,Credit Card,Completed
31,Wallet,Completed
32,Net Banking,Completed
33,Net Banking,Completed
34,Cash on Delivery,Refunded
35,UPI,Failed
36,Net Banking,Completed
37,Credit Card,Completed
38,UPI,Completed
39,UPI,Completed
40,Debit Card,Completed
41,UPI,Completed
42,Net Banking,Completed
43,Net Banking,Completed
44,Debit Card,Refunded
45,Net Banking,Completed
46,Cash on Delivery,Completed
47,Credit Card,Completed
48,Net Banking,Completed
49,Credit Card,Completed
50,Cash on Delivery,Completed
51,UPI,Failed
52,Net Banking,Completed
53,Cash on Delivery,Refunded
54,Net Banking,Completed
55,Debit Card,Completed
56,UPI,Refunded
57,Cash on Delivery,Completed
58,Credit Card,Completed
59,Net Banking,Completed
60,Credit Card,Completed
61,Credit Card,Completed
62,UPI,Completed
63,Wallet,Completed
64,UPI,Completed
65,Wallet,Completed
66,Debit Card,Completed
67,UPI,Completed
68,UPI,Completed
69,Cash on Delivery,Completed
70,Wallet,Failed
71,Net Banking,Completed
72,Cash on Delivery,Completed
73,Net Banking,Completed
74,Credit Card,Completed
75,UPI,Completed
76,UPI,Completed
77,Wallet,Completed
78,Credit Card,Completed
79,Wallet,Completed
80,Debit Card,Completed
81,Cash on Delivery,Completed
82,UPI,Completed
83,UPI,Completed
84,Debit Card,Completed
85,Debit Card,Completed
86,Cash on Delivery,Completed
87,Cash on Delivery,Completed
88,UPI,Completed
89,Credit Card,Completed
90,Wallet,Completed
91,Debit Card,Completed
92,Credit Card,Completed
93,Cash on Delivery,Completed
94,UPI,Completed
95,Wallet,Completed
96,Cash on Delivery,Completed
97,Credit Card,Completed
98,Credit Card,Completed
99,Wallet,Completed
100,Net Banking,Completed
101,Cash on Delivery,Completed
102,Debit Card,Completed
103,Net Banking,Completed
104,Cash on Delivery,Completed
105,Wallet,Refunded
106,Credit Card,Completed
107,Cash on Delivery,Completed
108,UPI,Completed
109,UPI,Completed
110,Net Banking,Completed
111,Cash on Delivery,Completed
112,Net Banking,Completed
113,Debit Card,Refunded
114,Net Banking,Completed
115,Cash on Delivery,Completed
116,Cash on Delivery,Completed
117,Cash on Delivery,Completed
118,Net Banking,Completed
119,Debit Card,Completed
120,Credit Card,Completed
121,Net Banking,Completed
122,Cash on Delivery,Completed
123,Cash on Delivery,Completed
124,Net Banking,Completed
125,Debit Card,Completed
126,Cash on Delivery,Completed
127,UPI,Completed
128,UPI,Completed
129,Cash on Delivery,Completed
130,Cash on Delivery,Completed
131,Wallet,Completed
132,Credit Card,Completed
133,Credit Card,Completed
134,Cash on Delivery,Completed
135,Debit Card,Refunded
136,Cash on Delivery,Completed
137,Net Banking,Completed
138,Net Banking,Completed
139,UPI,Completed
140,UPI,Failed
141,UPI,Failed
142,Net Banking,Completed
143,UPI,Completed
144,Debit Card,Completed
145,Debit Card,Completed
146,Cash on Delivery,Completed
147,Debit Card,Completed
148,Debit Card,Completed
149,Cash on Delivery,Completed
150,Debit Card,Completed
151,UPI,Refunded
152,Debit Card,Completed
153,Debit Card,Completed
154,Wallet,Completed
155,Net Banking,Failed
156,Debit Card,Completed
157,Cash on Delivery,Completed
158,Wallet,Completed
159,Wallet,Completed
160,Cash on Delivery,Completed
161,Credit Card,Completed
162,Credit Card,Completed
163,Net Banking,Completed
164,Wallet,Completed
165,Cash on Delivery,Completed
166,Wallet,Completed
167,Net Banking,Completed
168,Cash on Delivery,Completed
169,UPI,Completed
170,Credit Card,Completed
171,Debit Card,Completed
172,Wallet,Completed
173,Cash on Delivery,Completed
174,Net Banking,Completed
175,Wallet,Completed
176,Credit Card,Completed
177,Debit Card,Completed
178,Wallet,Completed
179,Debit Card,Refunded
180,Wallet,Completed
181,UPI,Completed
182,Wallet,Completed
183,UPI,Refunded
184,Net Banking,Completed
185,Wallet,Completed
186,Debit Card,Completed
187,Net Banking,Completed
188,Credit Card,Completed
189,Wallet,Completed
190,Net Banking,Completed
191,Credit Card,Completed
192,Credit Card,Completed
193,Cash on Delivery,Refunded
194,Net Banking,Completed
195,Net Banking,Completed
196,Cash on Delivery,Completed
197,Credit Card,Completed
198,Wallet,Completed
199,Cash on Delivery,Completed
200,Cash on Delivery,Completed
201,Net Banking,Completed
202,Credit Card,Completed
203,Cash on Delivery,Completed
204,Net Banking,Completed
205,Debit Card,Completed
206,UPI,Completed
207,Net Banking,Completed
208,Wallet,Completed
209,Cash on Delivery,Completed
210,Net Banking,Completed
211,Cash on Delivery,Completed
212,Debit Card,Completed
213,Wallet,Completed
214,UPI,Completed
215,Cash on Delivery,Completed
216,Cash on Delivery,Completed
217,Cash on Delivery,Completed
218,Net Banking,Completed
219,Cash on Delivery,Completed
220,Credit Card,Completed
221,Cash on Delivery,Completed
222,UPI,Completed
223,Net Banking,Completed
224,Credit Card,Completed
225,Net Banking,Completed
226,Credit Card,Completed
227,Wallet,Failed
228,Debit Card,Completed
229,Debit Card,Completed
230,Net Banking,Completed
231,UPI,Completed
232,Cash on Delivery,Completed
233,Net Banking,Completed
234,Credit Card,Completed
235,UPI,Completed
236,Debit Card,Completed
237,Debit Card,Completed
238,Wallet,Completed
239,Wallet,Completed
240,Credit Card,Completed
241,UPI,Refunded
242,Cash on Delivery,Refunded
243,Cash on Delivery,Refunded
244,Cash on Delivery,Completed
245,Cash on Delivery,Completed
246,Debit Card,Refunded
247,Credit Card,Completed
248,Debit Card,Failed
249,Net Banking,Failed
250,Cash on Delivery,Completed
251,Wallet,Completed
252,Debit Card,Completed
253,Wallet,Completed
254,Wallet,Completed
255,Debit Card,Completed
256,Debit Card,Completed
257,Net Banking,Refunded
258,Net Banking,Completed
259,Debit Card,Completed
260,Credit Card,Completed
261,Wallet,Completed
262,Wallet,Failed
263,Wallet,Completed
264,Credit Card,Completed
265,Cash on Delivery,Completed
266,Net Banking,Completed
267,Cash on Delivery,Completed
268,Debit Card,Completed
269,Cash on Delivery,Completed
270,Debit Card,Completed
271,Wallet,Completed
272,Debit Card,Completed
273,Net Banking,Completed
274,UPI,Refunded
275,Debit Card,Completed
276,Wallet,Completed
277,Credit Card,Completed
278,Wallet,Completed
279,Net Banking,Completed
280,Debit Card,Completed
281,UPI,Completed
282,Credit Card,Completed
283,Debit Card,Completed
284,Net Banking,Completed
285,Credit Card,Completed
286,Wallet,Completed
287,UPI,Completed
288,Debit Card,Completed
289,Wallet,Completed
290,Credit Card,Completed
291,Cash on Delivery,Completed
292,Debit Card,Completed
293,Wallet,Completed
294,Wallet,Completed
295,Net Banking,Completed
296,UPI,Completed
297,Debit Card,Completed
298,Cash on Delivery,Completed
299,UPI,Completed
300,UPI,Completed
301,Wallet,Completed
302,Credit Card,Completed
303,Wallet,Completed
304,Cash on Delivery,Completed
305,Cash on Delivery,Completed
306,Debit Card,Failed
307,Wallet,Completed
308,UPI,Completed
309,Credit Card,Completed
310,Wallet,Completed
311,Wallet,Completed
312,Debit Card,Completed
313,Cash on Delivery,Completed
314,Wallet,Failed
315,Credit Card,Completed
316,Net Banking,Completed
317,Debit Card,Completed
318,Debit Card,Completed
319,Wallet,Completed
320,Cash on Delivery,Completed
321,Net Banking,Completed
322,Credit Card,Completed
323,UPI,Completed
324,UPI,Completed
325,Net Banking,Refunded
326,UPI,Completed
327,Net Banking,Completed
328,Credit Card,Completed
329,UPI,Completed
330,Net Banking,Completed
331,Wallet,Completed
332,Wallet,Completed
333,Wallet,Completed
334,Wallet,Completed
335,Credit Card,Completed
336,UPI,Completed
337,Net Banking,Completed
338,Credit Card,Completed
339,Net Banking,Completed
340,Cash on Delivery,Completed
341,Net Banking,Completed
342,Debit Card,Completed
343,Wallet,Completed
344,Credit Card,Completed
345,Net Banking,Completed
346,Credit Card,Completed
347,Net Banking,Completed
348,Wallet,Completed
349,Debit Card,Completed
350,Net Banking,Completed
351,Debit Card,Completed
352,Credit Card,Completed
353,UPI,Completed
354,Credit Card,Completed
355,Wallet,Completed
356,Net Banking,Completed
357,Wallet,Completed
358,Net Banking,Completed
359,Credit Card,Refunded
360,Net Banking,Completed
361,UPI,Completed
362,Credit Card,Completed
363,Wallet,Completed
364,UPI,Completed
365,Debit Card,Refunded
366,Debit Card,Completed
367,Credit Card,Failed
368,UPI,Refunded
369,UPI,Completed
370,UPI,Completed
371,Wallet,Completed
372,Net Banking,Completed
373,Cash on Delivery,Completed
374,Wallet,Completed
375,Credit Card,Completed
376,Net Banking,Completed
377,Cash on Delivery,Completed
378,Cash on Delivery,Completed
379,Debit Card,Completed
380,Wallet,Completed
381,Wallet,Completed
382,Debit Card,Completed
383,Credit Card,Completed
384,Wallet,Completed
385,UPI,Completed
386,Wallet,Completed
387,Wallet,Completed
388,Credit Card,Completed
389,Cash on Delivery,Completed
390,Cash on Delivery,Completed
391,Cash on Delivery,Failed
392,Net Banking,Completed
393,UPI,Completed
394,UPI,Completed
395,Wallet,Completed
396,Debit Card,Refunded
397,Cash on Delivery,Completed
398,Credit Card,Completed
399,Debit Card,Completed
400,Wallet,Completed
401,Debit Card,Completed
402,Cash on Delivery,Refunded
403,Cash on Delivery,Completed
404,Net Banking,Completed
405,Cash on Delivery,Completed
406,UPI,Completed
407,Net Banking,Completed
408,Debit Card,Completed
409,UPI,Refunded
410,Wallet,Completed
411,Wallet,Completed
412,UPI,Refunded
413,Debit Card,Refunded
414,Credit Card,Completed
415,Cash on Delivery,Completed
416,Debit Card,Completed
417,Credit Card,Completed
418,Debit Card,Completed
419,Debit Card,Completed
420,Net Banking,Completed
421,Debit Card,Completed
422,Net Banking,Completed
423,UPI,Completed
424,Cash on Delivery,Completed
425,Wallet,Completed
426,Cash on Delivery,Completed
427,Wallet,Completed
428,UPI,Completed
429,Credit Card,Completed
430,Debit Card,Completed
431,Net Banking,Completed
432,Cash on Delivery,Completed
433,Wallet,Completed
434,Cash on Delivery,Completed
435,Debit Card,Completed
436,Debit Card,Completed
437,Net Banking,Completed
438,Wallet,Completed
439,Credit Card,Completed
440,UPI,Completed
441,Cash on Delivery,Completed
442,Cash on Delivery,Failed
443,Credit Card,Completed
444,Debit Card,Completed
445,Credit Card,Completed
446,Debit Card,Refunded
447,UPI,Failed
448,Debit Card,Completed
449,Cash on Delivery,Completed
450,Cash on Delivery,Completed
451,Credit Card,Completed
452,Debit Card,Completed
453,Net Banking,Completed
454,UPI,Refunded
455,Debit Card,Completed
456,Cash on Delivery,Completed
457,UPI,Completed
458,Net Banking,Completed
459,Wallet,Completed
460,Wallet,Completed
461,Wallet,Completed
462,Wallet,Completed
463,Wallet,Completed
464,Wallet,Completed
465,Wallet,Failed
466,Wallet,Completed
467,Wallet,Completed
468,Credit Card,Completed
469,Wallet,Completed
470,Cash on Delivery,Failed
471,Credit Card,Completed
472,UPI,Failed
473,Cash on Delivery,Completed
474,Credit Card,Completed
475,Cash on Delivery,Completed
476,UPI,Failed
477,Wallet,Completed
478,UPI,Completed
479,Wallet,Failed
480,Credit Card,Completed
481,Cash on Delivery,Completed
482,Debit Card,Completed
483,Debit Card,Completed
484,Wallet,Completed
485,Net Banking,Completed
486,Wallet,Refunded
487,UPI,Completed
488,Net Banking,Completed
489,Net Banking,Refunded
490,UPI,Completed
491,Net Banking,Completed
492,Wallet,Completed
493,Credit Card,Completed
494,Wallet,Completed
495,Credit Card,Completed
496,Credit Card,Completed
497,Debit Card,Completed
498,UPI,Completed
499,Net Banking,Failed
500,UPI,Failed
501,UPI,Completed
502,Wallet,Completed
503,Wallet,Completed
504,Cash on Delivery,Completed
505,Cash on Delivery,Completed
506,Wallet,Completed
507,Cash on Delivery,Refunded
508,UPI,Completed
509,Debit Card,Refunded
510,Debit Card,Completed
511,Debit Card,Completed
512,Wallet,Completed
513,Cash on Delivery,Refunded
514,Debit Card,Completed
515,Credit Card,Completed
516,Net Banking,Completed
517,UPI,Completed
518,Debit Card,Completed
519,Wallet,Failed
520,Net Banking,Completed
521,Cash on Delivery,Completed
522,Debit Card,Completed
523,UPI,Failed
524,Wallet,Completed
525,Cash on Delivery,Completed
526,Net Banking,Completed
527,Net Banking,Completed
528,Debit Card,Completed
529,Cash on Delivery,Completed
530,Debit Card,Completed
531,Debit Card,Completed
532,Net Banking,Failed
533,Cash on Delivery,Failed
534,Wallet,Completed
535,Net Banking,Completed
536,Net Banking,Refunded
537,Net Banking,Completed
538,Wallet,Completed
539,Credit Card,Completed
540,Credit Card,Completed
541,Cash on Delivery,Refunded
542,Cash on Delivery,Completed
543,Debit Card,Completed
544,UPI,Completed
545,Net Banking,Completed
546,Cash on Delivery,Completed
547,Credit Card,Completed
548,Cash on Delivery,Completed
549,Net Banking,Completed
550,UPI,Completed
551,UPI,Completed
552,UPI,Completed
553,Net Banking,Completed
554,Debit Card,Completed
555,Wallet,Completed
556,Credit Card,Completed
557,Net Banking,Completed
558,Debit Card,Completed
559,Net Banking,Completed
560,Net Banking,Completed
561,Cash on Delivery,Completed
562,Cash on Delivery,Completed
563,Net Banking,Completed
564,Cash on Delivery,Completed
565,Debit Card,Completed
566,Wallet,Completed
567,Credit Card,Completed
568,UPI,Completed
569,Credit Card,Refunded
570,UPI,Completed
571,Credit Card,Completed
572,Credit Card,Completed
573,Debit Card,Completed
574,Net Banking,Completed
575,Debit Card,Completed
576,Cash on Delivery,Refunded
577,UPI,Completed
578,Net Banking,Refunded
579,Debit Card,Completed
580,Credit Card,Completed
581,Wallet,Completed
582,Credit Card,Failed
583,Credit Card,Completed
584,Net Banking,Completed
585,Net Banking,Completed
586,Debit Card,Completed
587,Net Banking,Completed
588,Credit Card,Completed
589,Credit Card,Completed
590,Wallet,Completed
591,Wallet,Completed
592,Debit Card,Completed
593,UPI,Completed
594,Cash on Delivery,Completed
595,Net Banking,Completed
596,Wallet,Completed
597,Debit Card,Completed
598,Credit Card,Completed
599,Debit Card,Completed
600,Cash on Delivery,Completed
601,Credit Card,Completed
602,Cash on Delivery,Completed
603,Net Banking,Completed
604,Cash on Delivery,Completed
605,Debit Card,Completed
606,Net Banking,Completed
607,Cash on Delivery,Completed
608,Credit Card,Completed
609,Wallet,Completed
610,Credit Card,Completed
611,Debit Card,Completed
612,Cash on Delivery,Completed
613,Credit Card,Completed
614,Net Banking,Completed
615,Net Banking,Completed
616,Net Banking,Refunded
617,Debit Card,Completed
618,Credit Card,Completed
619,Debit Card,Completed
620,Debit Card,Completed
621,UPI,Completed
622,Credit Card,Completed
623,Cash on Delivery,Completed
624,UPI,Completed
625,Cash on Delivery,Completed
626,Net Banking,Completed
627,Cash on Delivery,Completed
628,Debit Card,Completed
629,UPI,Completed
630,Wallet,Completed
631,Debit Card,Completed
632,UPI,Completed
633,Net Banking,Completed
634,Net Banking,Completed
635,UPI,Completed
636,UPI,Completed
637,Net Banking,Completed
638,Debit Card,Completed
639,UPI,Completed
640,Credit Card,Completed
641,Wallet,Completed
642,UPI,Completed
643,UPI,Completed
644,Wallet,Completed
645,Net Banking,Completed
646,UPI,Completed
647,Debit Card,Completed
648,Wallet,Completed
649,Wallet,Completed
650,Wallet,Completed
651,Debit Card,Completed
652,Cash on Delivery,Completed
653,Credit Card,Completed
654,UPI,Completed
655,Net Banking,Completed
656,Net Banking,Completed
657,Cash on Delivery,Completed
658,Net Banking,Completed
659,Net Banking,Completed
660,Wallet,Completed
661,Wallet,Completed
662,UPI,Failed
663,Net Banking,Completed
664,Debit Card,Completed
665,Cash on Delivery,Completed
666,Net Banking,Completed
667,Wallet,Completed
668,Cash on Delivery,Completed
669,Credit Card,Completed
670,Cash on Delivery,Completed
671,Cash on Delivery,Completed
672,Cash on Delivery,Completed
673,Net Banking,Completed
674,Net Banking,Completed
675,Debit Card,Completed
676,Credit Card,Failed
677,Net Banking,Completed
678,Net Banking,Completed
679,Cash on Delivery,Failed
680,Credit Card,Completed
681,Wallet,Completed
682,Credit Card,Completed
683,Net Banking,Completed
684,Wallet,Completed
685,UPI,Refunded
686,UPI,Completed
687,Wallet,Completed
688,Net Banking,Completed
689,UPI,Completed
690,Wallet,Completed
691,Debit Card,Completed
692,Wallet,Completed
693,Net Banking,Completed
694,Net Banking,Completed
695,UPI,Completed
696,Net Banking,Completed
697,Wallet,Completed
698,Cash on Delivery,Completed
699,UPI,Completed
700,Credit Card,Completed
701,Net Banking,Completed
702,Wallet,Completed
703,Debit Card,Completed
704,UPI,Completed
705,Cash on Delivery,Completed
706,Net Banking,Failed
707,Net Banking,Completed
708,UPI,Completed
709,Cash on Delivery,Completed
710,UPI,Completed
711,Debit Card,Completed
712,Credit Card,Completed
713,Wallet,Completed
714,Debit Card,Completed
715,Wallet,Completed
716,Net Banking,Refunded
717,UPI,Completed
718,Cash on Delivery,Failed
719,Cash on Delivery,Completed
720,Wallet,Completed
721,Net Banking,Refunded
722,UPI,Completed
723,Cash on Delivery,Completed
724,Wallet,Completed
725,UPI,Completed
726,Cash on Delivery,Completed
727,Net Banking,Completed
728,Wallet,Completed
729,Debit Card,Completed
730,Debit Card,Completed
731,Wallet,Completed
732,Debit Card,Completed
733,Net Banking,Completed
734,Wallet,Completed
735,Cash on Delivery,Completed
736,UPI,Completed
737,Debit Card,Completed
738,Debit Card,Completed
739,Net Banking,Completed
740,UPI,Completed
741,Net Banking,Completed
742,Net Banking,Completed
743,Debit Card,Completed
744,UPI,Completed
745,Net Banking,Completed
746,Credit Card,Completed
747,Debit Card,Completed
748,UPI,Completed
749,Wallet,Refunded
750,Credit Card,Completed
751,Debit Card,Completed
752,UPI,Refunded
753,Credit Card,Completed
754,Net Banking,Completed
755,Net Banking,Completed
756,UPI,Completed
757,Debit Card,Completed
758,Wallet,Completed
759,Credit Card,Completed
760,UPI,Completed
761,Debit Card,Completed
762,UPI,Completed
763,UPI,Completed
764,UPI,Completed
765,Wallet,Completed
766,UPI,Completed
767,Credit Card,Completed
768,Credit Card,Completed
769,UPI,Completed
770,Cash on Delivery,Completed
771,Credit Card,Completed
772,UPI,Completed
773,Cash on Delivery,Completed
774,Debit Card,Completed
775,Debit Card,Completed
776,Debit Card,Completed
777,Debit Card,Completed
778,Cash on Delivery,Completed
779,UPI,Completed
780,Cash on Delivery,Completed
781,Debit Card,Completed
782,UPI,Completed
783,Cash on Delivery,Completed
784,Cash on Delivery,Completed
785,Wallet,Completed
786,UPI,Refunded
787,Cash on Delivery,Completed
788,Debit Card,Completed
789,Credit Card,Completed
790,Net Banking,Refunded
791,Credit Card,Completed
792,Cash on Delivery,Completed
793,Credit Card,Completed
794,UPI,Completed
795,Cash on Delivery,Completed
796,UPI,Completed
797,Net Banking,Refunded
798,Net Banking,Completed
799,Wallet,Completed
800,Wallet,Refunded
801,Cash on Delivery,Completed
802,Credit Card,Completed
803,Credit Card,Completed
804,Cash on Delivery,Completed
805,UPI,Completed
806,Cash on Delivery,Completed
807,Credit Card,Refunded
808,Wallet,Refunded
809,Debit Card,Completed
810,Wallet,Completed
811,Wallet,Failed
812,Debit Card,Completed
813,Net Banking,Completed
814,UPI,Refunded
815,Debit Card,Completed
816,Credit Card,Completed
817,Credit Card,Completed
818,Debit Card,Completed
819,Net Banking,Completed
820,Wallet,Completed
821,Debit Card,Completed
822,Cash on Delivery,Completed
823,UPI,Completed
824,Credit Card,Completed
825,Credit Card,Completed
826,Wallet,Refunded
827,Debit Card,Completed
828,Credit Card,Completed
829,Wallet,Completed
830,Credit Card,Completed
831,UPI,Completed
832,Debit Card,Completed
833,Cash on Delivery,Completed
834,Wallet,Completed
835,Cash on Delivery,Completed
836,Cash on Delivery,Completed
837,Wallet,Refunded
838,Debit Card,Completed
839,Net Banking,Completed
840,UPI,Completed
841,Credit Card,Completed
842,Debit Card,Completed
843,Cash on Delivery,Completed
844,Net Banking,Failed
845,Cash on Delivery,Completed
846,UPI,Completed
847,Net Banking,Completed
848,Debit Card,Failed
849,UPI,Completed
850,Credit Card,Completed
851,UPI,Completed
852,Debit Card,Completed
853,Debit Card,Completed
854,Credit Card,Completed
855,Debit Card,Completed
856,Debit Card,Completed
857,Wallet,Completed
858,UPI,Completed
859,Wallet,Completed
860,Cash on Delivery,Completed
861,Credit Card,Completed
862,UPI,Completed
863,Credit Card,Completed
864,Wallet,Completed
865,UPI,Completed
866,Cash on Delivery,Completed
867,UPI,Completed
868,Net Banking,Completed
869,Debit Card,Completed
870,Credit Card,Refunded
871,UPI,Completed
872,Cash on Delivery,Completed
873,Net Banking,Completed
874,UPI,Completed
875,Net Banking,Completed
876,UPI,Completed
877,Wallet,Completed
878,Cash on Delivery,Completed
879,Credit Card,Completed
880,Debit Card,Completed
881,Wallet,Completed
882,Net Banking,Completed
883,Debit Card,Completed
884,Wallet,Completed
885,Credit Card,Completed
886,Cash on Delivery,Completed
887,Net Banking,Completed
888,Wallet,Completed
889,Cash on Delivery,Completed
890,Net Banking,Completed
891,Wallet,Completed
892,Cash on Delivery,Completed
893,Wallet,Completed
894,Cash on Delivery,Completed
895,Net Banking,Completed
896,Credit Card,Completed
897,Credit Card,Completed
898,Cash on Delivery,Completed
899,Credit Card,Completed
900,Net Banking,Completed
901,Wallet,Completed
902,Cash on Delivery,Completed
903,Net Banking,Completed
904,UPI,Completed
905,Credit Card,Completed
906,Cash on Delivery,Completed
907,Credit Card,Completed
908,Cash on Delivery,Completed
909,Debit Card,Completed
910,Credit Card,Completed
911,Cash on Delivery,Completed
912,Debit Card,Completed
913,Net Banking,Completed
914,Net Banking,Completed
915,Credit Card,Completed
916,Net Banking,Completed
917,UPI,Completed
918,Credit Card,Refunded
919,Cash on Delivery,Completed
920,Credit Card,Completed
921,Debit Card,Completed
922,Wallet,Completed
923,Debit Card,Completed
924,UPI,Completed
925,Debit Card,Completed
926,UPI,Completed
927,Credit Card,Completed
928,Wallet,Completed
929,Credit Card,Completed
930,Net Banking,Completed
931,Credit Card,Completed
932,Net Banking,Completed
933,UPI,Failed
934,Credit Card,Completed
935,Wallet,Completed
936,UPI,Completed
937,Debit Card,Completed
938,Wallet,Refunded
939,Net Banking,Completed
940,Debit Card,Completed
941,Wallet,Completed
942,Cash on Delivery,Completed
943,Cash on Delivery,Completed
944,Credit Card,Completed
945,Credit Card,Completed
946,Wallet,Completed
947,Wallet,Completed
948,Wallet,Refunded
949,Debit Card,Completed
950,Credit Card,Completed
951,Net Banking,Completed
952,Credit Card,Completed
953,Cash on Delivery,Completed
954,Net Banking,Refunded
955,UPI,Completed
956,Wallet,Completed
957,Net Banking,Completed
958,Debit Card,Completed
959,Wallet,Completed
960,UPI,Completed
961,UPI,Completed
962,Credit Card,Completed
963,Net Banking,Completed
964,Wallet,Completed
965,Credit Card,Completed
966,UPI,Completed
967,Credit Card,Completed
968,Debit Card,Completed
969,Net Banking,Completed
970,Credit Card,Completed
971,UPI,Completed
972,Credit Card,Refunded
973,Wallet,Completed
974,Wallet,Completed
975,Wallet,Completed
976,Wallet,Completed
977,Credit Card,Completed
978,Net Banking,Completed
979,Net Banking,Completed
980,Debit Card,Completed
981,Cash on Delivery,Completed
982,Net Banking,Completed
983,Cash on Delivery,Completed
984,Wallet,Completed
985,Wallet,Completed
986,UPI,Completed
987,Net Banking,Completed
988,Net Banking,Completed
989,Debit Card,Completed
990,Net Banking,Completed
991,Credit Card,Completed
992,Cash on Delivery,Completed
993,Wallet,Completed
994,Debit Card,Completed
995,Wallet,Completed
996,UPI,Completed
997,UPI,Refunded
998,UPI,Completed
999,UPI,Refunded
1000,Debit Card,Completed
1001,Cash on Delivery,Completed
1002,Net Banking,Completed
1003,Net Banking,Completed
1004,Wallet,Completed
1005,Cash on Delivery,Completed
1006,Debit Card,Completed
1007,Cash on Delivery,Completed
1008,Net Banking,Completed
1009,Credit Card,Completed
1010,Debit Card,Completed
1011,Debit Card,Completed
1012,UPI,Failed
1013,Credit Card,Refunded
1014,Wallet,Completed
1015,Cash on Delivery,Completed
1016,Net Banking,Refunded
1017,Net Banking,Completed
1018,Wallet,Completed
1019,Cash on Delivery,Refunded
1020,Cash on Delivery,Completed
1021,UPI,Completed
1022,Credit Card,Completed
1023,Net Banking,Refunded
1024,Credit Card,Failed
1025,Net Banking,Refunded
1026,Cash on Delivery,Completed
1027,Net Banking,Completed
1028,UPI,Completed
1029,UPI,Completed
1030,Wallet,Completed
1031,Wallet,Completed
1032,Cash on Delivery,Completed
1033,UPI,Completed
1034,Credit Card,Completed
1035,Wallet,Completed
1036,Wallet,Completed
1037,Cash on Delivery,Completed
1038,Net Banking,Completed
1039,UPI,Completed
1040,Net Banking,Completed
1041,Cash on Delivery,Completed
1042,Cash on Delivery,Completed
1043,Net Banking,Completed
1044,Debit Card,Completed
1045,Cash on Delivery,Completed
1046,UPI,Completed
1047,Wallet,Completed
1048,Debit Card,Completed
1049,Cash on Delivery,Completed
1050,UPI,Completed
1051,Net Banking,Completed
1052,UPI,Completed
1053,Credit Card,Refunded
1054,Cash on Delivery,Completed
1055,Wallet,Failed
1056,Debit Card,Completed
1057,Net Banking,Completed
1058,Cash on Delivery,Completed
1059,Cash on Delivery,Completed
1060,Debit Card,Completed
1061,Wallet,Completed
1062,Credit Card,Failed
1063,Net Banking,Completed
1064,Credit Card,Completed
1065,Credit Card,Completed
1066,Debit Card,Completed
1067,Net Banking,Completed
1068,Net Banking,Completed
1069,Net Banking,Completed
1070,Credit Card,Completed
1071,Cash on Delivery,Completed
1072,Debit Card,Completed
1073,Wallet,Completed
1074,Debit Card,Completed
1075,Debit Card,Failed
1076,Wallet,Completed
1077,Credit Card,Completed
1078,Cash on Delivery,Completed
1079,Debit Card,Completed
1080,Wallet,Refunded
1081,Debit Card,Completed
1082,Credit Card,Completed
1083,Wallet,Completed
1084,Wallet,Completed
1085,Net Banking,Refunded
1086,Credit Card,Completed
1087,Credit Card,Completed
1088,Wallet,Completed
1089,Net Banking,Failed
1090,Net Banking,Completed
1091,Wallet,Refunded
1092,Cash on Delivery,Completed
1093,Credit Card,Completed
1094,Cash on Delivery,Completed
1095,Wallet,Completed
1096,UPI,Completed
1097,Wallet,Completed
1098,Credit Card,Completed
1099,UPI,Completed
1100,UPI,Completed
1101,Cash on Delivery,Completed
1102,Net Banking,Failed
1103,Cash on Delivery,Completed
1104,Credit Card,Refunded
1105,Wallet,Failed
1106,Net Banking,Completed
1107,Cash on Delivery,Completed
1108,Credit Card,Completed
1109,Credit Card,Completed
1110,UPI,Completed
1111,Wallet,Completed
1112,Credit Card,Completed
1113,Cash on Delivery,Completed
1114,Debit Card,Completed
1115,Cash on Delivery,Completed
1116,Cash on Delivery,Completed
1117,Credit Card,Completed
1118,Credit Card,Completed
1119,Cash on Delivery,Completed
1120,Credit Card,Completed
1121,Debit Card,Completed
1122,Cash on Delivery,Refunded
1123,Debit Card,Completed
1124,Credit Card,Completed
1125,Wallet,Completed
1126,Cash on Delivery,Completed
1127,Wallet,Completed
1128,Wallet,Completed
1129,UPI,Completed
1130,Credit Card,Completed
1131,UPI,Completed
1132,Debit Card,Completed
1133,Cash on Delivery,Completed
1134,Debit Card,Completed
1135,Net Banking,Completed
1136,Wallet,Completed
1137,Cash on Delivery,Completed
1138,Debit Card,Completed
1139,Wallet,Completed
1140,Wallet,Completed
1141,Credit Card,Completed
1142,Wallet,Completed
1143,Wallet,Completed
1144,Credit Card,Completed
1145,Wallet,Completed
1146,Net Banking,Completed
1147,Credit Card,Completed
1148,Net Banking,Completed
1149,Credit Card,Completed
1150,UPI,Completed
1151,Net Banking,Completed
1152,Net Banking,Completed
1153,Credit Card,Completed
1154,Credit Card,Completed
1155,Credit Card,Completed
1156,UPI,Completed
1157,Net Banking,Completed
1158,Cash on Delivery,Completed
1159,Cash on Delivery,Completed
1160,Wallet,Completed
1161,Debit Card,Completed
1162,UPI,Completed
1163,Credit Card,Completed
1164,Debit Card,Completed
1165,Credit Card,Completed
1166,Wallet,Completed
1167,Cash on Delivery,Completed
1168,Debit Card,Completed
1169,Cash on Delivery,Completed
1170,Credit Card,Completed
1171,UPI,Completed
1172,UPI,Failed
1173,Credit Card,Completed
1174,Credit Card,Completed
1175,Cash on Delivery,Completed
1176,Debit Card,Completed
1177,Credit Card,Completed
1178,Wallet,Completed
1179,Cash on Delivery,Completed
1180,Credit Card,Completed
1181,Credit Card,Failed
1182,Wallet,Completed
1183,UPI,Completed
1184,Wallet,Refunded
1185,Credit Card,Completed
1186,Debit Card,Refunded
1187,Credit Card,Completed
1188,Debit Card,Completed
1189,Net Banking,Completed
1190,Cash on Delivery,Completed
1191,Debit Card,Completed
1192,Net Banking,Completed
1193,Wallet,Completed
1194,Cash on Delivery,Completed
1195,UPI,Completed
1196,Credit Card,Completed
1197,UPI,Failed
1198,Debit Card,Failed
1199,Debit Card,Completed
1200,UPI,Completed
1201,Net Banking,Completed
1202,Credit Card,Completed
1203,Net Banking,Completed
1204,Wallet,Completed
1205,Cash on Delivery,Completed
1206,Net Banking,Completed
1207,UPI,Completed
1208,Net Banking,Completed
1209,Debit Card,Completed
1210,Wallet,Failed
1211,Debit Card,Completed
1212,Credit Card,Completed
1213,Cash on Delivery,Completed
1214,Wallet,Completed
1215,Debit Card,Completed
1216,UPI,Completed
1217,Credit Card,Completed
1218,UPI,Completed
1219,Cash on Delivery,Completed
1220,UPI,Completed
1221,Cash on Delivery,Refunded
1222,Net Banking,Completed
1223,Net Banking,Completed
1224,Wallet,Refunded
1225,Net Banking,Completed
1226,Wallet,Completed
1227,UPI,Completed
1228,Cash on Delivery,Completed
1229,Credit Card,Failed
1230,Wallet,Completed
1231,Debit Card,Completed
1232,Credit Card,Completed
1233,UPI,Completed
1234,Credit Card,Completed
1235,Debit Card,Completed
1236,Wallet,Completed
1237,Credit Card,Completed
1238,Credit Card,Completed
1239,Cash on Delivery,Failed
1240,Net Banking,Completed
1241,Cash on Delivery,Completed
1242,Debit Card,Completed
1243,Net Banking,Completed
1244,Wallet,Completed
1245,Credit Card,Completed
1246,Cash on Delivery,Completed
1247,UPI,Completed
1248,Cash on Delivery,Completed
1249,Cash on Delivery,Refunded
1250,Net Banking,Completed
1251,Cash on Delivery,Completed
1252,UPI,Completed
1253,Credit Card,Completed
1254,Cash on Delivery,Completed
1255,Credit Card,Completed
1256,Wallet,Completed
1257,Net Banking,Completed
1258,Wallet,Completed
1259,Debit Card,Completed
1260,Net Banking,Completed
1261,Net Banking,Completed
1262,UPI,Completed
1263,Wallet,Completed
1264,Wallet,Completed
1265,Cash on Delivery,Completed
1266,UPI,Completed
1267,Net Banking,Completed
1268,UPI,Completed
1269,Net Banking,Completed
1270,Debit Card,Completed
1271,Wallet,Completed
1272,Credit Card,Completed
1273,Net Banking,Completed
1274,Net Banking,Completed
1275,Cash on Delivery,Completed
1276,Cash on Delivery,Completed
1277,Net Banking,Completed
1278,Debit Card,Failed
1279,Net Banking,Completed
1280,Net Banking,Completed
1281,Debit Card,Completed
1282,Debit Card,Completed
1283,Cash on Delivery,Completed
1284,UPI,Completed
1285,Cash on Delivery,Completed
1286,Cash on Delivery,Completed
1287,Net Banking,Completed
1288,Cash on Delivery,Completed
1289,UPI,Completed
1290,Net Banking,Completed
1291,Credit Card,Completed
1292,Cash on Delivery,Completed
1293,Cash on Delivery,Completed
1294,Debit Card,Completed
1295,Cash on Delivery,Completed
1296,Debit Card,Completed
1297,Credit Card,Completed
1298,Credit Card,Completed
1299,Wallet,Completed
1300,Net Banking,Completed
1301,Net Banking,Completed
1302,UPI,Refunded
1303,Debit Card,Completed
1304,Cash on Delivery,Completed
1305,Debit Card,Completed
1306,UPI,Completed
1307,Net Banking,Completed
1308,Cash on Delivery,Completed
1309,Cash on Delivery,Completed
1310,Net Banking,Completed
1311,Debit Card,Completed
1312,Cash on Delivery,Completed
1313,UPI,Completed
1314,UPI,Completed
1315,Debit Card,Completed
1316,Credit Card,Completed
1317,Debit Card,Completed
1318,Wallet,Completed
1319,Wallet,Completed
1320,UPI,Completed
1321,Cash on Delivery,Completed
1322,UPI,Completed
1323,Net Banking,Completed
1324,UPI,Completed
1325,Credit Card,Failed
1326,UPI,Completed
1327,Cash on Delivery,Completed
1328,Credit Card,Completed
1329,Credit Card,Completed
1330,Debit Card,Completed
1331,Wallet,Completed
1332,Credit Card,Completed
1333,UPI,Completed
1334,Debit Card,Failed
1335,Credit Card,Failed
1336,UPI,Completed
1337,Wallet,Completed
1338,Wallet,Completed
1339,Credit Card,Completed
1340,Wallet,Completed
1341,Debit Card,Completed
1342,UPI,Completed
1343,Debit Card,Completed
1344,Credit Card,Completed
1345,Net Banking,Completed
1346,Credit Card,Completed
1347,Net Banking,Completed
1348,Credit Card,Completed
1349,Net Banking,Failed
1350,Net Banking,Completed
1351,Wallet,Completed
1352,Cash on Delivery,Completed
1353,Credit Card,Completed
1354,Cash on Delivery,Completed
1355,Cash on Delivery,Completed
1356,Cash on Delivery,Completed
1357,Net Banking,Refunded
1358,Net Banking,Completed
1359,Wallet,Completed
1360,UPI,Completed
1361,Net Banking,Refunded
1362,Credit Card,Completed
1363,Wallet,Completed
1364,Debit Card,Completed
1365,Debit Card,Completed
1366,Net Banking,Completed
1367,Debit Card,Completed
1368,Cash on Delivery,Refunded
1369,Cash on Delivery,Completed
1370,Credit Card,Completed
1371,Wallet,Failed
1372,Net Banking,Completed
1373,Wallet,Completed
1374,Cash on Delivery,Completed
1375,UPI,Completed
1376,Debit Card,Completed
1377,UPI,Completed
1378,Credit Card,Completed
1379,UPI,Completed
1380,Cash on Delivery,Completed
1381,Cash on Delivery,Completed
1382,Debit Card,Completed
1383,Net Banking,Failed
1384,Net Banking,Completed
1385,Wallet,Completed
1386,Wallet,Completed
1387,Net Banking,Completed
1388,Credit Card,Completed
1389,UPI,Failed
1390,Net Banking,Completed
1391,Wallet,Completed
1392,Wallet,Completed
1393,Wallet,Completed
1394,Net Banking,Completed
1395,Cash on Delivery,Completed
1396,Cash on Delivery,Completed
1397,Wallet,Completed
1398,Cash on Delivery,Completed
1399,Cash on Delivery,Completed
1400,Debit Card,Completed
1401,Wallet,Completed
1402,Cash on Delivery,Completed
1403,Credit Card,Completed
1404,Wallet,Completed
1405,Credit Card,Completed
1406,Debit Card,Completed
1407,Net Banking,Completed
1408,Debit Card,Completed
1409,Wallet,Completed
1410,UPI,Completed
1411,UPI,Completed
1412,UPI,Completed
1413,Cash on Delivery,Completed
1414,Debit Card,Completed
1415,Net Banking,Completed
1416,UPI,Refunded
1417,UPI,Completed
1418,Net Banking,Completed
1419,Net Banking,Completed
1420,Net Banking,Refunded
1421,Net Banking,Completed
1422,Credit Card,Completed
1423,UPI,Completed
1424,Credit Card,Completed
1425,Debit Card,Failed
1426,Wallet,Failed
1427,Credit Card,Completed
1428,Net Banking,Refunded
1429,UPI,Completed
1430,Debit Card,Completed
1431,Credit Card,Completed
1432,UPI,Completed
1433,Credit Card,Completed
1434,Credit Card,Completed
1435,Cash on Delivery,Completed
1436,Cash on Delivery,Completed
1437,Credit Card,Completed
1438,Debit Card,Completed
1439,Debit Card,Completed
1440,UPI,Completed
1441,Credit Card,Failed
1442,Debit Card,Completed
1443,UPI,Completed
1444,Net Banking,Completed
1445,UPI,Completed
1446,UPI,Completed
1447,Net Banking,Completed
1448,Debit Card,Completed
1449,Debit Card,Refunded
1450,Credit Card,Completed
1451,Cash on Delivery,Completed
1452,Debit Card,Completed
1453,UPI,Completed
1454,Debit Card,Completed
1455,Cash on Delivery,Completed
1456,Cash on Delivery,Refunded
1457,Wallet,Completed
1458,UPI,Completed
1459,Debit Card,Completed
1460,Wallet,Completed
1461,UPI,Completed
1462,Net Banking,Completed
1463,Credit Card,Completed
1464,Wallet,Completed
1465,UPI,Failed
1466,UPI,Completed
1467,UPI,Failed
1468,UPI,Completed
1469,Net Banking,Completed
1470,UPI,Completed
1471,Wallet,Completed
1472,Net Banking,Completed
1473,Debit Card,Completed
1474,Net Banking,Completed
1475,UPI,Completed
1476,UPI,Completed
1477,UPI,Completed
1478,Wallet,Completed
1479,Credit Card,Completed
1480,UPI,Completed
1481,Net Banking,Completed
1482,Net Banking,Completed
1483,Cash on Delivery,Completed
1484,UPI,Completed
1485,Cash on Delivery,Completed
1486,UPI,Completed
1487,UPI,Completed
1488,Debit Card,Completed
1489,Wallet,Completed
1490,Net Banking,Completed
1491,Net Banking,Completed
1492,Wallet,Completed
1493,UPI,Completed
1494,Debit Card,Completed
1495,Cash on Delivery,Completed
1496,Debit Card,Completed
1497,Credit Card,Completed
1498,Debit Card,Completed
1499,Net Banking,Completed
1500,UPI,Completed
1501,UPI,Completed
1502,Cash on Delivery,Completed
1503,Debit Card,Completed
1504,Cash on Delivery,Completed
1505,UPI,Completed
1506,UPI,Completed
1507,Wallet,Completed
1508,UPI,Completed
1509,Cash on Delivery,Completed
1510,UPI,Completed
1511,UPI,Completed
1512,Net Banking,Completed
1513,Debit Card,Refunded
1514,Net Banking,Completed
1515,Net Banking,Completed
1516,Cash on Delivery,Completed
1517,Credit Card,Completed
1518,Net Banking,Completed
1519,UPI,Completed
1520,Debit Card,Refunded
1521,Wallet,Completed
1522,Debit Card,Refunded
1523,Net Banking,Completed
1524,Wallet,Completed
1525,UPI,Completed
1526,Credit Card,Completed
1527,Credit Card,Completed
1528,Debit Card,Completed
1529,Debit Card,Completed
1530,UPI,Completed
1531,Cash on Delivery,Completed
1532,Debit Card,Completed
1533,Credit Card,Completed
1534,UPI,Completed
1535,Credit Card,Completed
1536,Net Banking,Completed
1537,Wallet,Completed
1538,UPI,Completed
1539,Net Banking,Completed
1540,Debit Card,Completed
1541,Credit Card,Completed
1542,UPI,Completed
1543,Debit Card,Completed
1544,Wallet,Completed
1545,Cash on Delivery,Failed
1546,Net Banking,Completed
1547,UPI,Completed
1548,Wallet,Completed
1549,Debit Card,Completed
1550,Wallet,Completed
1551,Cash on Delivery,Refunded
1552,Debit Card,Completed
1553,Credit Card,Completed
1554,Net Banking,Completed
1555,Cash on Delivery,Completed
1556,Debit Card,Completed
1557,Cash on Delivery,Completed
1558,Debit Card,Completed
1559,Cash on Delivery,Completed
1560,Wallet,Refunded
1561,Debit Card,Completed
1562,Wallet,Completed
1563,Credit Card,Completed
1564,Cash on Delivery,Completed
1565,UPI,Completed
1566,Net Banking,Completed
1567,Debit Card,Completed
1568,Cash on Delivery,Completed
1569,Net Banking,Completed
1570,Cash on Delivery,Completed
1571,UPI,Completed
1572,Debit Card,Completed
1573,UPI,Completed
1574,Cash on Delivery,Completed
1575,Net Banking,Completed
1576,Wallet,Completed
1577,Debit Card,Completed
1578,Debit Card,Completed
1579,Wallet,Completed
1580,Wallet,Completed
1581,Cash on Delivery,Completed
1582,Credit Card,Completed
1583,Debit Card,Completed
1584,Wallet,Completed
1585,UPI,Failed
1586,Net Banking,Completed
1587,Credit Card,Completed
1588,Credit Card,Completed
1589,Net Banking,Completed
1590,Cash on Delivery,Completed
1591,UPI,Completed
1592,Debit Card,Failed
1593,Cash on Delivery,Completed
1594,Credit Card,Completed
1595,Debit Card,Completed
1596,Cash on Delivery,Completed
1597,UPI,Completed
1598,Credit Card,Completed
1599,Wallet,Completed
1600,UPI,Completed
1601,Credit Card,Completed
1602,Debit Card,Completed
1603,Credit Card,Completed
1604,Debit Card,Completed
1605,Net Banking,Completed
1606,Credit Card,Completed
1607,Debit Card,Completed
1608,Debit Card,Completed
1609,Debit Card,Completed
1610,UPI,Completed
1611,Cash on Delivery,Completed
1612,Net Banking,Completed
1613,Wallet,Completed
1614,Net Banking,Completed
1615,Debit Card,Completed
1616,UPI,Completed
1617,Debit Card,Failed
1618,Credit Card,Completed
1619,Debit Card,Completed
1620,Wallet,Completed
1621,Wallet,Completed
1622,Debit Card,Completed
1623,UPI,Completed
1624,Cash on Delivery,Refunded
1625,Net Banking,Completed
1626,Credit Card,Completed
1627,UPI,Completed
1628,UPI,Completed
1629,Debit Card,Completed
1630,Wallet,Completed
1631,Net Banking,Completed
1632,Cash on Delivery,Completed
1633,Wallet,Completed
1634,Debit Card,Completed
1635,Net Banking,Refunded
1636,UPI,Completed
1637,Net Banking,Completed
1638,Credit Card,Completed
1639,Cash on Delivery,Failed
1640,UPI,Refunded
1641,Cash on Delivery,Completed
1642,Cash on Delivery,Completed
1643,Wallet,Completed
1644,Credit Card,Completed
1645,Net Banking,Completed
1646,Wallet,Completed
1647,Credit Card,Completed
1648,Debit Card,Completed
1649,Wallet,Completed
1650,Cash on Delivery,Completed
1651,UPI,Completed
1652,Net Banking,Completed
1653,Debit Card,Completed
1654,Cash on Delivery,Completed
1655,Net Banking,Completed
1656,UPI,Refunded
1657,Wallet,Completed
1658,UPI,Completed
1659,Cash on Delivery,Completed
1660,Credit Card,Completed
1661,Credit Card,Completed
1662,Cash on Delivery,Completed
1663,Cash on Delivery,Refunded
1664,Net Banking,Completed
1665,UPI,Failed
1666,UPI,Completed
1667,Wallet,Completed
1668,Cash on Delivery,Refunded
1669,Net Banking,Completed
1670,Debit Card,Completed
1671,Debit Card,Completed
1672,Cash on Delivery,Completed
1673,Net Banking,Completed
1674,Debit Card,Completed
1675,Credit Card,Completed
1676,Cash on Delivery,Completed
1677,Credit Card,Completed
1678,Cash on Delivery,Completed
1679,Wallet,Completed
1680,Net Banking,Completed
1681,Credit Card,Completed
1682,Net Banking,Failed
1683,Credit Card,Completed
1684,Wallet,Completed
1685,Net Banking,Completed
1686,UPI,Completed
1687,Debit Card,Refunded
1688,Net Banking,Completed
1689,Net Banking,Completed
1690,Credit Card,Completed
1691,Net Banking,Completed
1692,UPI,Completed
1693,Wallet,Completed
1694,UPI,Completed
1695,Net Banking,Completed
1696,Cash on Delivery,Completed
1697,Wallet,Completed
1698,Cash on Delivery,Completed
1699,UPI,Failed
1700,UPI,Completed
1701,Cash on Delivery,Failed
1702,Debit Card,Completed
1703,Debit Card,Completed
1704,Wallet,Completed
1705,Cash on Delivery,Completed
1706,Net Banking,Completed
1707,Credit Card,Completed
1708,Net Banking,Completed
1709,Cash on Delivery,Completed
1710,Credit Card,Completed
1711,Debit Card,Completed
1712,Net Banking,Completed
1713,Debit Card,Completed
1714,Debit Card,Completed
1715,Credit Card,Completed
1716,UPI,Failed
1717,Net Banking,Completed
1718,Debit Card,Completed
1719,Cash on Delivery,Failed
1720,Credit Card,Completed
1721,UPI,Completed
1722,Cash on Delivery,Completed
1723,Credit Card,Completed
1724,Wallet,Completed
1725,Net Banking,Completed
1726,Credit Card,Completed
1727,Wallet,Completed
1728,Debit Card,Failed
1729,Net Banking,Completed
1730,Credit Card,Completed
1731,Wallet,Completed
1732,Cash on Delivery,Completed
1733,Cash on Delivery,Completed
1734,Wallet,Completed
1735,Cash on Delivery,Completed
1736,UPI,Completed
1737,Net Banking,Completed
1738,UPI,Completed
1739,Debit Card,Completed
1740,Net Banking,Completed
1741,Net Banking,Completed
1742,Net Banking,Completed
1743,UPI,Completed
1744,Cash on Delivery,Completed
1745,Wallet,Completed
1746,Debit Card,Completed
1747,Wallet,Completed
1748,Credit Card,Completed
1749,Credit Card,Completed
1750,Debit Card,Completed
1751,UPI,Completed
1752,Debit Card,Completed
1753,UPI,Completed
1754,Wallet,Completed
1755,Net Banking,Failed
1756,Cash on Delivery,Completed
1757,Debit Card,Refunded
1758,Wallet,Completed
1759,UPI,Completed
1760,Credit Card,Completed
1761,Wallet,Completed
1762,Credit Card,Completed
1763,Wallet,Completed
1764,Wallet,Completed
1765,Cash on Delivery,Completed
1766,Debit Card,Completed
1767,Credit Card,Completed
1768,Debit Card,Completed
1769,Net Banking,Completed
1770,Credit Card,Completed
1771,Net Banking,Completed
1772,Debit Card,Completed
1773,Cash on Delivery,Completed
1774,Cash on Delivery,Refunded
1775,Net Banking,Completed
1776,Cash on Delivery,Completed
1777,Cash on Delivery,Completed
1778,Debit Card,Completed
1779,Wallet,Completed
1780,Net Banking,Completed
1781,Wallet,Completed
1782,Wallet,Refunded
1783,UPI,Completed
1784,Cash on Delivery,Completed
1785,Wallet,Completed
1786,Debit Card,Completed
1787,Cash on Delivery,Completed
1788,Debit Card,Completed
1789,Debit Card,Completed
1790,Cash on Delivery,Completed
1791,Wallet,Completed
1792,Cash on Delivery,Completed
1793,Debit Card,Completed
1794,Net Banking,Completed
1795,Debit Card,Completed
1796,Net Banking,Completed
1797,Wallet,Completed
1798,Cash on Delivery,Completed
1799,Debit Card,Completed
1800,Wallet,Completed
1801,UPI,Refunded
1802,Wallet,Completed
1803,Wallet,Completed
1804,Debit Card,Completed
1805,Credit Card,Completed
1806,Wallet,Completed
1807,Debit Card,Completed
1808,Cash on Delivery,Completed
1809,Net Banking,Completed
1810,UPI,Completed
1811,Net Banking,Completed
1812,UPI,Completed
1813,Wallet,Completed
1814,Cash on Delivery,Completed
1815,Net Banking,Completed
1816,Net Banking,Failed
1817,Net Banking,Completed
1818,Debit Card,Completed
1819,Wallet,Completed
1820,Debit Card,Completed
1821,UPI,Completed
1822,Net Banking,Completed
1823,Credit Card,Completed
1824,Net Banking,Completed
1825,Credit Card,Completed
1826,Wallet,Completed
1827,Wallet,Completed
1828,UPI,Failed
1829,Wallet,Completed
1830,Net Banking,Completed
1831,Net Banking,Failed
1832,Cash on Delivery,Completed
1833,Credit Card,Completed
1834,Debit Card,Completed
1835,UPI,Completed
1836,Cash on Delivery,Completed
1837,Credit Card,Completed
1838,Debit Card,Completed
1839,Debit Card,Refunded
1840,UPI,Completed
1841,Net Banking,Completed
1842,Net Banking,Completed
1843,Debit Card,Completed
1844,Wallet,Completed
1845,Net Banking,Refunded
1846,Cash on Delivery,Completed
1847,Wallet,Completed
1848,Wallet,Completed
1849,Wallet,Completed
1850,Credit Card,Completed
1851,Wallet,Completed
1852,UPI,Completed
1853,Debit Card,Completed
1854,Net Banking,Completed
1855,Debit Card,Refunded
1856,Net Banking,Completed
1857,Cash on Delivery,Completed
1858,Cash on Delivery,Completed
1859,Debit Card,Completed
1860,Debit Card,Completed
1861,Wallet,Completed
1862,Net Banking,Completed
1863,Wallet,Completed
1864,Wallet,Completed
1865,Credit Card,Failed
1866,Cash on Delivery,Refunded
1867,Wallet,Completed
1868,Credit Card,Completed
1869,Debit Card,Completed
1870,Credit Card,Completed
1871,Wallet,Completed
1872,Credit Card,Completed
1873,Wallet,Completed
1874,Cash on Delivery,Completed
1875,Wallet,Completed
1876,Debit Card,Completed
1877,UPI,Completed
1878,Credit Card,Completed
1879,Debit Card,Completed
1880,Net Banking,Completed
1881,UPI,Completed
1882,Debit Card,Completed
1883,Credit Card,Completed
1884,UPI,Completed
1885,Credit Card,Completed
1886,UPI,Completed
1887,Wallet,Completed
1888,Wallet,Completed
1889,Credit Card,Completed
1890,Debit Card,Failed
1891,UPI,Completed
1892,Credit Card,Completed
1893,Credit Card,Completed
1894,Cash on Delivery,Completed
1895,Net Banking,Completed
1896,UPI,Completed
1897,Debit Card,Completed
1898,Credit Card,Completed
1899,Wallet,Completed
1900,UPI,Completed
1901,Debit Card,Completed
1902,Net Banking,Completed
1903,Cash on Delivery,Completed
1904,Cash on Delivery,Completed
1905,Credit Card,Completed
1906,UPI,Completed
1907,Net Banking,Refunded
1908,Debit Card,Completed
1909,Credit Card,Completed
1910,Debit Card,Completed
1911,Wallet,Completed
1912,Net Banking,Completed
1913,UPI,Failed
1914,Wallet,Completed
1915,UPI,Completed
1916,Credit Card,Completed
1917,Credit Card,Completed
1918,Credit Card,Completed
1919,Debit Card,Completed
1920,Net Banking,Completed
1921,Wallet,Completed
1922,UPI,Completed
1923,Net Banking,Completed
1924,Net Banking,Completed
1925,Cash on Delivery,Completed
1926,Wallet,Completed
1927,Wallet,Completed
1928,Credit Card,Completed
1929,Debit Card,Completed
1930,Credit Card,Completed
1931,Cash on Delivery,Completed
1932,Cash on Delivery,Completed
1933,Credit Card,Completed
1934,Net Banking,Completed
1935,Net Banking,Completed
1936,Debit Card,Completed
1937,Debit Card,Completed
1938,Wallet,Completed
1939,UPI,Completed
1940,Cash on Delivery,Completed
1941,Credit Card,Completed
1942,UPI,Completed
1943,Cash on Delivery,Completed
1944,Debit Card,Completed
1945,UPI,Completed
1946,Net Banking,Completed
1947,Credit Card,Completed
1948,Debit Card,Completed
1949,Wallet,Completed
1950,Credit Card,Completed
1951,Debit Card,Completed
1952,Wallet,Completed
1953,Net Banking,Completed
1954,Cash on Delivery,Completed
1955,Debit Card,Failed
1956,Net Banking,Refunded
1957,Wallet,Completed
1958,Credit Card,Completed
1959,Net Banking,Completed
1960,Wallet,Completed
1961,UPI,Completed
1962,Debit Card,Completed
1963,Wallet,Completed
1964,Credit Card,Completed
1965,Net Banking,Completed
1966,Credit Card,Completed
1967,UPI,Completed
1968,Wallet,Completed
1969,Cash on Delivery,Completed
1970,Credit Card,Completed
1971,Debit Card,Completed
1972,Cash on Delivery,Completed
1973,Credit Card,Completed
1974,Cash on Delivery,Completed
1975,UPI,Completed
1976,Credit Card,Refunded
1977,Cash on Delivery,Completed
1978,Debit Card,Completed
1979,Net Banking,Completed
1980,UPI,Completed
1981,Cash on Delivery,Completed
1982,UPI,Completed
1983,Debit Card,Completed
1984,Credit Card,Completed
1985,Net Banking,Completed
1986,Debit Card,Completed
1987,Debit Card,Completed
1988,Cash on Delivery,Completed
1989,Debit Card,Completed
1990,Cash on Delivery,Completed
1991,Credit Card,Completed
1992,Cash on Delivery,Completed
1993,UPI,Completed
1994,Net Banking,Completed
1995,Debit Card,Completed
1996,Cash on Delivery,Completed
1997,Cash on Delivery,Refunded
1998,Wallet,Completed
1999,Credit Card,Completed
2000,Net Banking,Completed
