order_id,customer_id,store_id,payment_id,order_date
1,262,2,1,2026-04-10
2,335,4,2,2025-07-02
3,72,4,3,2025-03-31
4,142,3,4,2026-08-20
5,390,7,5,2026-01-15
6,2,2,6,2025-12-14
7,236,1,7,2025-01-06
8,191,3,8,2024-10-24
9,357,6,9,2025-01-02
10,322,3,10,2025-10-27
11,64,7,11,2025-08-26
12,338,5,12,2025-03-30
13,163,3,13,2025-10-02
14,135,4,14,2024-10-11
15,275,3,15,2025-06-12
16,168,7,16,2026-04-24
17,360,1,17,2025-02-15
18,16,6,18,2025-11-14
19,261,1,19,2024-10-16
20,92,1,20,2026-03-21
21,397,5,21,2025-08-02
22,126,3,22,2024-09-07
23,5,6,23,2024-09-02
24,31,3,24,2026-08-30
25,267,7,25,2026-08-19
26,67,4,26,2025-06-26
27,300,2,27,2025-02-07
28,395,4,28,2025-12-07
29,365,4,29,2025-08-31
30,237,2,30,2025-01-22
31,206,6,31,2026-08-04
32,170,2,32,2024-10-14
33,203,8,33,2024-10-01
34,103,4,34,2026-06-08
35,177,6,35,2025-10-03
36,399,5,36,2024-10-30
37,378,6,37,2026-04-29
38,170,4,38,2025-01-12
39,224,8,39,2026-06-27
40,376,5,40,2025-01-09
41,382,2,41,2025-05-02
42,56,1,42,2024-10-20
43,296,4,43,2025-02-14
44,54,2,44,2025-08-17
45,221,3,45,2026-05-15
46,98,7,46,2026-08-15
47,321,8,47,2025-03-24
48,158,7,48,2025-12-27
49,212,4,49,2026-03-21
50,366,1,50,2026-01-28
51,322,3,51,2026-05-03
52,7,7,52,2024-12-25
53,289,2,53,2025-06-20
54,312,7,54,2024-10-10
55,252,2,55,2025-04-22
56,209,8,56,2026-02-11
57,207,3,57,2026-02-19
58,128,1,58,2025-12-12
59,251,8,59,2025-03-01
60,138,7,60,2026-02-08
61,155,7,61,2026-04-22
62,56,8,62,2024-11-05
63,349,3,63,2024-09-27
64,114,8,64,2026-07-20
65,114,6,65,2025-04-17
66,299,2,66,2025-12-28
67,93,2,67,2026-01-13
68,103,6,68,2024-09-15
69,149,8,69,2026-02-15
70,87,2,70,2025-09-11
71,352,1,71,2025-07-06
72,55,8,72,2025-03-23
73,104,6,73,2026-08-22
74,170,4,74,2024-09-03
75,90,1,75,2025-06-25
76,206,7,76,2025-12-12
77,303,8,77,2026-04-06
78,211,8,78,2024-10-18
79,353,2,79,2025-11-18
80,143,1,80,2026-02-02
81,212,1,81,2026-03-25
82,344,8,82,2025-08-16
83,308,8,83,2026-07-05
84,97,2,84,2025-10-06
85,222,8,85,2026-02-03
86,359,5,86,2026-08-20
87,333,3,87,2026-01-29
88,344,1,88,2025-03-24
89,152,4,89,2026-03-09
90,357,5,90,2026-08-11
91,28,1,91,2025-05-16
92,89,2,92,2025-09-22
93,166,1,93,2026-06-03
94,340,6,94,2025-08-06
95,329,4,95,2024-10-11
96,395,6,96,2026-02-09
97,396,1,97,2026-06-04
98,106,7,98,2026-06-25
99,61,1,99,2026-06-19
100,145,8,100,2025-09-26
101,22,1,101,2026-04-10
102,263,3,102,2025-02-12
103,344,1,103,2026-03-17
104,316,5,104,2026-08-12
105,161,4,105,2025-04-15
106,321,2,106,2024-11-17
107,47,7,107,2025-09-08
108,92,3,108,2026-01-09
109,119,2,109,2025-05-29
110,185,7,110,2025-12-25
111,267,5,111,2025-05-28
112,208,6,112,2025-08-20
113,330,5,113,2025-04-05
114,213,6,114,2024-12-26
115,265,7,115,2026-05-07
116,371,6,116,2025-12-09
117,351,7,117,2025-02-01
118,273,2,118,2024-12-05
119,380,2,119,2025-11-10
120,4,2,120,2026-02-15
121,188,5,121,2026-07-29
122,248,5,122,2025-07-12
123,261,7,123,2025-08-13
124,41,1,124,2025-09-29
125,18,4,125,2026-05-23
126,282,5,126,2026-03-27
127,55,2,127,2026-01-29
128,289,8,128,2025-05-08
129,212,6,129,2026-02-11
130,345,6,130,2024-11-17
131,383,4,131,2026-01-24
132,128,6,132,2025-02-07
133,315,1,133,2026-03-09
134,144,7,134,2025-04-16
135,17,6,135,2025-10-09
136,52,6,136,2025-09-06
137,215,6,137,2025-09-09
138,101,3,138,2025-02-01
139,323,6,139,2026-01-12
140,50,8,140,2025-08-09
141,400,5,141,2025-08-30
142,310,7,142,2025-06-05
143,65,4,143,2026-07-10
144,54,5,144,2026-05-26
145,146,8,145,2026-06-04
146,167,8,146,2025-12-23
147,178,8,147,2026-03-07
148,6,1,148,2026-02-18
149,393,7,149,2025-06-27
150,224,7,150,2025-05-14
151,140,8,151,2025-03-12
152,53,5,152,2025-06-03
153,37,8,153,2025-03-05
154,377,2,154,2026-02-16
155,22,2,155,2025-05-18
156,80,6,156,2024-12-01
157,331,3,157,2026-08-20
158,286,6,158,2025-11-24
159,129,1,159,2026-01-10
160,240,5,160,2026-05-07
161,135,6,161,2025-12-09
162,329,6,162,2024-12-23
163,293,7,163,2026-07-06
164,381,7,164,2025-09-13
165,156,2,165,2025-04-10
166,99,4,166,2026-04-07
167,296,6,167,2026-07-23
168,312,4,168,2026-03-31
169,204,1,169,2024-10-06
170,293,3,170,2024-12-06
171,48,7,171,2026-04-06
172,117,1,172,2026-06-12
173,345,7,173,2025-12-01
174,223,3,174,2025-01-17
175,166,2,175,2024-12-25
176,227,3,176,2025-11-26
177,44,2,177,2024-10-26
178,133,8,178,2026-05-31
179,88,1,179,2025-06-18
180,102,8,180,2026-03-29
181,202,3,181,2024-09-19
182,45,7,182,2026-02-16
183,351,4,183,2025-01-20
184,212,7,184,2025-07-08
185,310,8,185,2026-08-31
186,212,4,186,2026-07-20
187,235,4,187,2025-11-12
188,381,1,188,2026-02-16
189,286,7,189,2026-02-11
190,147,8,190,2025-02-18
191,399,3,191,2025-04-19
192,166,3,192,2025-01-05
193,197,3,193,2025-09-23
194,92,1,194,2025-09-09
195,279,1,195,2026-05-16
196,308,1,196,2025-05-09
197,309,5,197,2025-08-06
198,313,3,198,2025-12-11
199,63,5,199,2025-08-04
200,45,8,200,2026-08-07
201,1,2,201,2024-09-25
202,154,6,202,2024-09-07
203,237,7,203,2024-10-28
204,144,1,204,2025-08-14
205,58,6,205,2024-10-09
206,175,8,206,2026-02-19
207,371,1,207,2025-12-15
208,142,6,208,2025-11-26
209,319,2,209,2025-03-31
210,26,3,210,2024-09-30
211,274,2,211,2025-12-21
212,159,8,212,2025-12-26
213,201,3,213,2026-08-18
214,237,3,214,2025-06-17
215,206,7,215,2025-05-03
216,356,7,216,2025-11-20
217,59,8,217,2025-07-31
218,56,7,218,2025-08-02
219,299,1,219,2026-05-20
220,184,2,220,2025-06-16
221,208,7,221,2025-11-20
222,185,7,222,2025-02-05
223,233,7,223,2026-03-20
224,280,6,224,2024-10-05
225,313,2,225,2025-05-10
226,151,5,226,2025-02-19
227,141,5,227,2024-09-15
228,90,5,228,2026-08-19
229,79,8,229,2025-10-28
230,223,1,230,2025-06-23
231,222,5,231,2025-08-10
232,347,3,232,2025-07-18
233,269,2,233,2026-08-03
234,327,2,234,2026-08-27
235,357,3,235,2025-05-18
236,395,6,236,2025-05-22
237,31,5,237,2025-05-30
238,330,2,238,2025-11-27
239,328,1,239,2024-10-09
240,245,7,240,2025-10-19
241,175,2,241,2025-12-15
242,277,5,242,2026-01-25
243,335,8,243,2026-07-27
244,251,1,244,2025-12-27
245,158,2,245,2025-12-12
246,316,4,246,2024-11-04
247,304,3,247,2025-08-10
248,284,3,248,2025-11-24
249,46,5,249,2025-11-01
250,121,4,250,2024-12-30
251,113,8,251,2026-06-04
252,243,8,252,2025-02-28
253,167,7,253,2025-03-23
254,192,3,254,2025-12-13
255,17,1,255,2025-06-15
256,113,5,256,2026-05-12
257,127,4,257,2025-08-02
258,357,2,258,2025-12-08
259,68,6,259,2025-06-30
260,361,1,260,2026-06-05
261,172,1,261,2026-02-10
262,361,2,262,2026-03-29
263,333,8,263,2026-04-18
264,258,7,264,2025-06-11
265,63,8,265,2026-08-28
266,267,1,266,2025-06-28
267,228,8,267,2025-07-09
268,191,5,268,2024-10-19
269,60,1,269,2025-07-22
270,18,6,270,2025-08-19
271,164,3,271,2024-09-05
272,375,8,272,2024-10-12
273,229,2,273,2026-02-07
274,29,6,274,2025-04-07
275,213,8,275,2025-06-23
276,210,5,276,2025-04-25
277,379,8,277,2025-04-18
278,341,5,278,2025-08-19
279,35,6,279,2026-04-19
280,355,3,280,2025-09-01
281,183,1,281,2025-06-24
282,297,6,282,2025-01-26
283,84,2,283,2025-04-12
284,160,6,284,2025-01-21
285,391,2,285,2024-11-19
286,23,2,286,2025-07-06
287,103,3,287,2026-07-19
288,297,6,288,2025-08-27
289,51,4,289,2026-01-30
290,209,2,290,2025-07-19
291,198,5,291,2025-12-12
292,347,2,292,2025-01-01
293,218,8,293,2025-06-13
294,251,8,294,2025-04-25
295,256,1,295,2025-03-03
296,252,5,296,2026-03-10
297,85,8,297,2025-11-16
298,338,8,298,2026-01-01
299,194,6,299,2025-06-19
300,179,1,300,2026-06-03
301,126,4,301,2025-04-29
302,217,7,302,2025-06-01
303,224,4,303,2026-01-22
304,294,7,304,2025-04-20
305,213,7,305,2025-05-16
306,187,8,306,2025-01-30
307,33,4,307,2025-01-25
308,99,1,308,2025-05-10
309,91,1,309,2026-01-11
310,209,6,310,2026-07-20
311,257,2,311,2026-02-17
312,112,3,312,2024-12-19
313,302,1,313,2026-01-16
314,189,5,314,2024-09-22
315,122,8,315,2025-10-03
316,324,6,316,2026-06-22
317,171,7,317,2024-12-12
318,161,2,318,2024-12-23
319,164,8,319,2026-01-03
320,189,3,320,2025-10-08
321,332,4,321,2024-12-01
322,308,5,322,2025-01-31
323,366,4,323,2025-03-15
324,210,3,324,2024-09-30
325,69,6,325,2026-08-11
326,155,7,326,2026-07-20
327,258,8,327,2025-08-14
328,134,2,328,2025-07-18
329,145,5,329,2026-05-21
330,118,3,330,2024-10-07
331,21,8,331,2025-09-01
332,146,3,332,2025-02-20
333,169,1,333,2025-06-19
334,233,5,334,2026-05-02
335,375,3,335,2025-04-05
336,146,3,336,2025-01-02
337,251,8,337,2025-10-03
338,323,7,338,2024-12-05
339,43,5,339,2025-12-24
340,351,5,340,2025-05-13
341,218,7,341,2024-12-06
342,231,5,342,2025-08-16
343,10,1,343,2024-11-27
344,45,3,344,2025-01-17
345,97,1,345,2025-04-03
346,228,8,346,2025-12-27
347,254,5,347,2024-10-08
348,162,2,348,2025-06-02
349,225,4,349,2026-02-02
350,384,2,350,2026-07-16
351,213,8,351,2025-07-08
352,82,3,352,2026-01-29
353,288,4,353,2026-01-12
354,310,2,354,2026-08-25
355,106,6,355,2025-02-08
356,71,2,356,2025-03-26
357,213,6,357,2026-06-07
358,71,7,358,2025-10-29
359,19,3,359,2026-04-12
360,313,3,360,2026-08-19
361,44,1,361,2026-03-05
362,388,3,362,2024-09-24
363,182,2,363,2024-10-19
364,382,4,364,2025-08-25
365,185,8,365,2024-12-10
366,226,8,366,2025-11-01
367,109,8,367,2025-12-29
368,79,2,368,2025-09-16
369,216,1,369,2025-07-10
370,2,2,370,2026-03-15
371,173,7,371,2025-12-31
372,174,1,372,2026-07-19
373,292,4,373,2026-01-01
374,141,4,374,2025-05-10
375,196,5,375,2024-12-03
376,46,3,376,2025-07-12
377,386,4,377,2026-01-18
378,346,2,378,2025-05-11
379,238,5,379,2026-07-01
380,349,7,380,2025-08-26
381,145,1,381,2025-02-13
382,386,8,382,2025-06-07
383,391,7,383,2026-03-06
384,114,1,384,2025-06-15
385,327,7,385,2024-12-23
386,374,5,386,2025-03-16
387,2,7,387,2026-06-19
388,172,2,388,2026-04-09
389,171,4,389,2024-11-14
390,227,1,390,2025-07-06
391,174,1,391,2025-12-09
392,132,6,392,2025-11-06
393,159,6,393,2025-06-26
394,287,1,394,2025-11-07
395,244,8,395,2026-05-08
396,2,4,396,2026-08-11
397,38,6,397,2024-10-01
398,392,6,398,2024-10-15
399,174,4,399,2025-03-02
400,347,3,400,2025-09-24
401,190,6,401,2026-07-09
402,126,1,402,2026-05-24
403,323,5,403,2025-01-08
404,192,8,404,2026-02-14
405,254,8,405,2025-06-02
406,194,3,406,2025-09-19
407,222,7,407,2025-09-12
408,263,2,408,2025-06-11
409,171,4,409,2026-07-24
410,178,7,410,2025-10-21
411,390,3,411,2025-09-06
412,301,8,412,2025-12-17
413,231,1,413,2025-09-19
414,301,1,414,2026-04-05
415,105,7,415,2024-11-05
416,353,8,416,2024-09-28
417,150,2,417,2025-12-10
418,36,7,418,2025-03-31
419,258,8,419,2025-06-10
420,127,6,420,2026-04-06
421,90,7,421,2025-05-14
422,35,4,422,2026-01-19
423,356,8,423,2025-09-26
424,83,3,424,2024-09-19
425,201,3,425,2024-11-19
426,111,1,426,2026-07-24
427,367,2,427,2025-10-05
428,216,1,428,2024-09-15
429,341,3,429,2025-02-19
430,220,2,430,2025-04-26
431,7,7,431,2025-04-06
432,112,7,432,2025-07-06
433,324,7,433,2026-07-27
434,10,8,434,2025-09-27
435,104,3,435,2025-09-20
436,376,6,436,2025-08-17
437,196,6,437,2025-03-07
438,121,2,438,2025-11-11
439,104,5,439,2026-01-06
440,196,7,440,2024-11-25
441,98,1,441,2024-09-14
442,224,5,442,2025-08-23
443,340,3,443,2024-09-13
444,42,4,444,2025-11-08
445,376,7,445,2024-12-01
446,376,7,446,2025-02-22
447,31,3,447,2025-03-16
448,176,1,448,2026-04-23
449,4,7,449,2026-05-11
450,341,7,450,2025-09-23
451,358,7,451,2025-01-21
452,264,7,452,2026-07-09
453,377,6,453,2026-07-27
454,244,2,454,2025-09-30
455,124,4,455,2025-04-05
456,47,6,456,2025-04-18
457,45,2,457,2024-12-01
458,275,4,458,2025-10-03
459,152,4,459,2026-01-25
460,353,2,460,2025-06-08
461,398,3,461,2026-01-13
462,201,2,462,2026-02-23
463,364,5,463,2025-12-13
464,75,4,464,2025-04-12
465,76,7,465,2025-11-12
466,27,2,466,2026-02-10
467,306,3,467,2026-07-01
468,189,1,468,2025-01-01
469,301,8,469,2025-06-08
470,275,8,470,2024-11-05
471,45,5,471,2024-10-06
472,337,1,472,2025-05-13
473,151,8,473,2025-01-22
474,353,2,474,2026-07-11
475,111,3,475,2026-05-10
476,217,2,476,2026-03-18
477,37,5,477,2026-06-11
478,328,2,478,2025-09-07
479,64,3,479,2026-02-22
480,145,5,480,2026-05-16
481,380,7,481,2026-01-02
482,366,3,482,2026-07-06
483,328,6,483,2026-08-26
484,325,2,484,2024-11-18
485,147,8,485,2024-09-11
486,22,8,486,2025-02-20
487,393,2,487,2025-06-25
488,19,8,488,2026-05-26
489,3,6,489,2025-03-10
490,4,3,490,2026-07-05
491,94,5,491,2024-12-21
492,342,4,492,2026-01-04
493,380,7,493,2025-01-13
494,393,4,494,2024-10-24
495,96,4,495,2025-06-15
496,97,3,496,2025-04-23
497,219,1,497,2026-05-25
498,325,4,498,2025-04-16
499,144,6,499,2026-08-30
500,339,6,500,2025-04-06
501,7,3,501,2025-08-06
502,336,4,502,2025-03-17
503,99,7,503,2026-03-18
504,269,1,504,2025-02-18
505,204,8,505,2026-08-03
506,5,8,506,2026-01-29
507,333,6,507,2026-06-10
508,113,5,508,2025-02-28
509,132,4,509,2025-11-27
510,93,8,510,2025-03-09
511,84,3,511,2025-10-09
512,331,7,512,2024-12-12
513,138,3,513,2026-06-05
514,174,2,514,2025-03-27
515,322,2,515,2024-09-22
516,115,1,516,2025-04-21
517,57,4,517,2024-12-14
518,272,6,518,2026-05-08
519,76,7,519,2025-12-02
520,198,6,520,2025-07-24
521,276,8,521,2026-02-28
522,121,6,522,2024-09-03
523,179,6,523,2025-01-21
524,357,3,524,2025-09-22
525,55,2,525,2026-01-02
526,40,1,526,2026-04-06
527,358,5,527,2025-12-26
528,157,4,528,2025-11-08
529,29,4,529,2025-09-17
530,186,6,530,2024-09-29
531,159,4,531,2026-03-19
532,360,2,532,2025-08-06
533,349,3,533,2025-02-12
534,221,1,534,2026-08-31
535,45,8,535,2024-12-06
536,396,8,536,2025-05-23
537,21,6,537,2025-06-21
538,260,8,538,2025-05-28
539,288,1,539,2025-02-06
540,274,8,540,2024-12-21
541,34,6,541,2025-08-17
542,75,4,542,2025-07-25
543,243,4,543,2024-10-26
544,43,3,544,2024-11-10
545,95,1,545,2024-12-04
546,224,6,546,2026-08-11
547,76,8,547,2025-07-22
548,108,4,548,2026-07-28
549,258,2,549,2026-08-18
550,338,7,550,2026-06-12
551,298,1,551,2026-07-16
552,331,7,552,2024-09-08
553,213,4,553,2024-09-05
554,266,6,554,2025-08-10
555,224,4,555,2024-12-11
556,82,6,556,2025-03-28
557,363,2,557,2026-04-09
558,335,4,558,2025-07-02
559,93,2,559,2024-11-19
560,40,4,560,2026-08-05
561,248,1,561,2025-02-10
562,48,6,562,2026-08-27
563,250,7,563,2025-12-01
564,130,7,564,2025-06-28
565,164,1,565,2025-08-03
566,143,2,566,2026-04-11
567,141,7,567,2025-01-01
568,10,1,568,2025-12-17
569,21,6,569,2026-06-23
570,386,6,570,2025-10-02
571,25,1,571,2025-01-21
572,27,5,572,2024-10-15
573,195,5,573,2026-08-17
574,386,7,574,2026-06-15
575,39,8,575,2024-11-01
576,175,4,576,2026-04-28
577,205,4,577,2024-11-10
578,96,5,578,2024-09-30
579,333,7,579,2025-11-07
580,57,4,580,2024-12-27
581,116,7,581,2024-12-22
582,171,8,582,2025-01-24
583,269,3,583,2025-01-29
584,180,5,584,2026-07-12
585,373,1,585,2025-01-30
586,296,7,586,2025-09-04
587,314,2,587,2025-11-18
588,151,1,588,2025-12-09
589,221,6,589,2026-07-09
590,394,3,590,2024-11-28
591,243,6,591,2025-05-13
592,291,8,592,2026-03-13
593,351,6,593,2025-12-24
594,315,5,594,2025-05-07
595,50,5,595,2026-04-03
596,346,3,596,2025-07-06
597,62,2,597,2025-05-12
598,228,7,598,2024-10-27
599,326,1,599,2025-03-09
600,146,8,600,2025-01-02
601,240,8,601,2025-06-11
602,108,6,602,2026-08-25
603,391,5,603,2025-07-28
604,298,6,604,2026-04-22
605,348,8,605,2025-07-29
606,165,2,606,2026-08-17
607,380,3,607,2025-11-19
608,343,2,608,2025-03-28
609,175,3,609,2026-07-31
610,193,2,610,2026-04-06
611,27,6,611,2024-09-24
612,266,5,612,2025-10-14
613,289,1,613,2025-08-21
614,116,6,614,2025-11-16
615,378,1,615,2026-03-20
616,219,3,616,2024-12-28
617,224,1,617,2025-05-02
618,8,4,618,2024-10-29
619,180,4,619,2025-06-27
620,400,5,620,2026-07-02
621,284,4,621,2025-01-04
622,196,7,622,2025-11-29
623,339,5,623,2024-10-03
624,284,7,624,2026-07-27
625,128,5,625,2025-08-12
626,165,5,626,2025-03-03
627,41,5,627,2026-05-18
628,66,4,628,2026-06-08
629,95,8,629,2026-04-17
630,9,6,630,2026-03-08
631,58,2,631,2025-05-01
632,209,6,632,2025-12-26
633,262,6,633,2025-04-09
634,271,1,634,2026-05-15
635,210,6,635,2024-11-21
636,346,3,636,2026-05-14
637,396,4,637,2025-03-04
638,365,8,638,2024-12-13
639,68,7,639,2025-11-07
640,173,2,640,2024-10-17
641,4,6,641,2026-07-23
642,25,7,642,2025-06-20
643,316,6,643,2024-12-11
644,386,2,644,2025-04-26
645,277,4,645,2024-09-07
646,267,3,646,2025-12-09
647,253,5,647,2024-11-28
648,142,8,648,2026-06-08
649,301,7,649,2025-04-14
650,145,3,650,2025-03-23
651,252,4,651,2026-08-29
652,121,6,652,2026-01-09
653,238,6,653,2026-07-09
654,210,1,654,2026-03-30
655,174,1,655,2025-07-13
656,277,1,656,2024-09-22
657,26,4,657,2025-09-06
658,83,6,658,2025-08-06
659,387,2,659,2026-01-27
660,194,7,660,2025-01-13
661,278,3,661,2024-12-07
662,336,8,662,2025-09-21
663,126,7,663,2024-09-18
664,251,4,664,2024-11-25
665,19,6,665,2026-08-07
666,264,2,666,2024-12-17
667,88,8,667,2025-01-22
668,105,6,668,2026-02-14
669,77,8,669,2024-11-08
670,35,6,670,2026-06-14
671,219,5,671,2025-09-12
672,268,7,672,2025-08-05
673,27,3,673,2026-02-06
674,397,7,674,2026-08-25
675,325,5,675,2026-08-30
676,223,6,676,2025-03-02
677,383,1,677,2025-03-20
678,18,5,678,2026-06-20
679,293,1,679,2025-12-27
680,327,1,680,2025-07-19
681,207,7,681,2026-07-16
682,43,3,682,2025-11-29
683,180,2,683,2025-08-16
684,192,8,684,2024-11-23
685,195,5,685,2025-03-02
686,103,3,686,2025-06-30
687,360,7,687,2025-08-22
688,166,6,688,2026-04-01
689,234,7,689,2025-01-03
690,291,3,690,2025-01-12
691,236,1,691,2026-07-07
692,105,7,692,2024-12-02
693,82,6,693,2024-12-12
694,374,7,694,2026-05-05
695,97,1,695,2025-04-05
696,216,3,696,2025-02-15
697,233,1,697,2026-01-11
698,173,5,698,2025-03-22
699,152,1,699,2026-03-10
700,326,1,700,2026-05-04
701,221,5,701,2025-08-20
702,12,3,702,2025-05-22
703,224,5,703,2026-08-07
704,213,3,704,2025-06-09
705,314,5,705,2026-08-31
706,175,6,706,2025-08-21
707,108,3,707,2026-07-22
708,107,6,708,2025-07-09
709,392,1,709,2025-06-18
710,112,7,710,2026-05-07
711,147,8,711,2025-02-08
712,211,4,712,2026-06-14
713,190,1,713,2026-05-09
714,151,2,714,2024-10-02
715,36,1,715,2024-10-04
716,372,1,716,2025-09-08
717,364,8,717,2025-05-09
718,14,4,718,2025-09-15
719,356,3,719,2025-01-29
720,133,6,720,2026-02-03
721,332,3,721,2026-02-20
722,34,6,722,2025-04-19
723,183,8,723,2025-12-15
724,127,4,724,2025-05-21
725,312,5,725,2026-03-20
726,107,4,726,2025-05-08
727,278,4,727,2026-05-06
728,308,5,728,2026-01-18
729,154,5,729,2026-02-27
730,164,8,730,2026-01-21
731,227,6,731,2026-06-16
732,99,7,732,2025-02-23
733,373,6,733,2025-07-20
734,393,5,734,2024-09-20
735,219,7,735,2025-07-31
736,362,8,736,2025-05-14
737,397,7,737,2025-02-03
738,185,8,738,2025-04-08
739,329,7,739,2025-11-12
740,224,1,740,2026-01-30
741,98,2,741,2026-08-02
742,379,7,742,2024-09-22
743,367,3,743,2025-03-13
744,21,3,744,2026-03-08
745,104,5,745,2025-02-15
746,381,4,746,2025-09-25
747,371,2,747,2025-02-14
748,108,2,748,2026-02-02
749,159,2,749,2025-11-19
750,128,3,750,2026-04-02
751,20,1,751,2026-05-04
752,157,7,752,2026-06-03
753,391,3,753,2025-02-09
754,34,2,754,2026-01-01
755,188,2,755,2026-01-03
756,267,5,756,2025-01-13
757,325,1,757,2025-05-02
758,135,8,758,2024-12-30
759,250,8,759,2026-07-12
760,365,5,760,2025-01-08
761,100,3,761,2026-07-29
762,78,1,762,2026-02-28
763,313,7,763,2025-03-27
764,216,8,764,2025-12-24
765,285,5,765,2025-04-02
766,180,2,766,2025-04-20
767,73,5,767,2025-08-02
768,21,7,768,2025-05-20
769,395,5,769,2025-06-10
770,288,7,770,2026-05-15
771,205,7,771,2026-07-18
772,212,1,772,2025-12-12
773,83,4,773,2026-03-26
774,161,8,774,2026-06-17
775,166,1,775,2024-12-24
776,307,7,776,2025-05-28
777,115,4,777,2025-05-10
778,291,4,778,2025-05-24
779,121,6,779,2026-03-08
780,297,3,780,2024-12-08
781,303,7,781,2024-11-06
782,76,2,782,2026-07-31
783,373,1,783,2026-09-01
784,261,7,784,2025-01-26
785,49,7,785,2026-04-11
786,385,2,786,2026-02-19
787,49,3,787,2024-09-02
788,291,6,788,2024-11-11
789,94,4,789,2025-08-20
790,303,3,790,2024-12-12
791,281,7,791,2025-12-03
792,47,6,792,2026-02-22
793,194,2,793,2026-01-16
794,22,4,794,2024-12-01
795,351,7,795,2026-02-03
796,96,4,796,2026-08-31
797,106,1,797,2024-10-17
798,338,6,798,2025-03-01
799,127,5,799,2025-11-07
800,130,1,800,2026-06-04
801,251,2,801,2025-03-07
802,292,5,802,2024-12-21
803,19,8,803,2026-01-04
804,35,4,804,2025-11-21
805,8,3,805,2025-08-16
806,195,3,806,2025-06-26
807,225,1,807,2025-11-26
808,163,1,808,2024-12-24
809,165,6,809,2024-10-10
810,199,2,810,2025-04-18
811,331,7,811,2025-06-17
812,90,7,812,2025-05-22
813,181,4,813,2025-04-02
814,210,6,814,2026-06-22
815,154,7,815,2024-10-23
816,222,3,816,2025-11-28
817,391,1,817,2026-07-25
818,47,6,818,2025-09-01
819,78,3,819,2025-07-14
820,354,4,820,2024-12-26
821,243,7,821,2026-01-02
822,11,8,822,2026-07-20
823,343,4,823,2026-06-12
824,99,5,824,2026-02-15
825,389,8,825,2026-07-08
826,195,7,826,2024-10-07
827,164,2,827,2024-09-24
828,122,2,828,2024-11-17
829,361,3,829,2025-03-24
830,352,4,830,2025-04-04
831,41,3,831,2025-03-22
832,390,2,832,2025-03-12
833,129,6,833,2025-05-05
834,33,8,834,2025-08-19
835,382,2,835,2025-07-24
836,154,8,836,2025-07-18
837,324,3,837,2025-04-11
838,9,7,838,2025-12-28
839,371,8,839,2025-11-18
840,166,8,840,2026-05-16
841,111,7,841,2026-01-16
842,175,6,842,2026-08-07
843,161,8,843,2025-06-15
844,128,8,844,2026-03-31
845,42,8,845,2025-12-18
846,140,6,846,2026-01-10
847,145,4,847,2025-09-21
848,102,8,848,2025-06-19
849,322,7,849,2026-06-24
850,366,3,850,2026-01-22
851,366,4,851,2024-12-04
852,214,7,852,2026-08-13
853,22,4,853,2025-04-27
854,392,5,854,2026-01-18
855,192,7,855,2025-02-11
856,395,7,856,2025-03-29
857,292,5,857,2026-08-08
858,321,4,858,2026-04-04
859,171,4,859,2026-01-25
860,55,1,860,2024-10-02
861,374,3,861,2024-12-09
862,153,1,862,2025-01-01
863,244,3,863,2024-09-15
864,140,5,864,2024-09-24
865,395,5,865,2026-08-28
866,189,8,866,2025-12-28
867,165,6,867,2025-03-25
868,171,6,868,2026-06-23
869,382,3,869,2026-04-11
870,58,1,870,2026-02-15
871,202,4,871,2026-04-14
872,208,5,872,2025-04-03
873,306,5,873,2025-08-18
874,17,8,874,2025-07-25
875,217,6,875,2026-08-03
876,389,2,876,2025-12-31
877,351,3,877,2026-05-01
878,238,5,878,2026-08-15
879,308,6,879,2025-11-11
880,228,2,880,2024-12-13
881,188,7,881,2024-09-22
882,341,6,882,2025-12-31
883,60,1,883,2025-04-26
884,7,2,884,2026-02-20
885,245,8,885,2025-04-08
886,75,2,886,2026-01-03
887,186,4,887,2025-05-27
888,344,6,888,2024-12-25
889,209,3,889,2025-05-06
890,143,7,890,2025-06-15
891,273,2,891,2025-05-16
892,157,4,892,2025-08-10
893,106,6,893,2025-03-07
894,130,2,894,2025-09-21
895,27,7,895,2026-06-06
896,390,1,896,2024-10-13
897,381,7,897,2025-03-29
898,88,7,898,2025-03-28
899,89,4,899,2025-06-14
900,119,2,900,2024-11-23
901,361,2,901,2026-05-09
902,366,1,902,2025-10-04
903,138,6,903,2025-05-25
904,101,1,904,2025-09-26
905,357,1,905,2025-05-15
906,380,3,906,2025-06-23
907,138,3,907,2026-03-01
908,167,3,908,2025-06-06
909,25,8,909,2025-02-07
910,233,3,910,2026-08-29
911,239,6,911,2026-05-14
912,250,4,912,2024-09-17
913,225,5,913,2026-01-12
914,28,6,914,2025-12-21
915,382,5,915,2024-11-01
916,265,2,916,2025-11-23
917,366,8,917,2026-06-13
918,142,7,918,2025-04-14
919,214,3,919,2025-11-12
920,85,8,920,2024-12-26
921,367,5,921,2026-05-02
922,261,5,922,2026-01-24
923,113,4,923,2025-12-20
924,186,7,924,2025-02-17
925,30,7,925,2025-10-21
926,203,4,926,2024-12-30
927,304,7,927,2024-11-24
928,220,8,928,2024-12-04
929,85,5,929,2025-08-05
930,99,3,930,2025-10-06
931,37,5,931,2025-01-20
932,341,3,932,2026-08-13
933,121,5,933,2026-07-15
934,31,2,934,2025-01-30
935,223,7,935,2025-01-04
936,166,8,936,2025-01-15
937,123,8,937,2025-06-12
938,201,4,938,2025-11-20
939,171,1,939,2024-10-03
940,3,4,940,2024-10-12
941,9,5,941,2026-05-08
942,60,4,942,2025-10-04
943,392,5,943,2025-07-14
944,393,8,944,2026-02-06
945,372,1,945,2026-05-29
946,354,4,946,2026-01-04
947,327,8,947,2026-04-24
948,293,6,948,2024-09-18
949,288,2,949,2026-05-01
950,151,1,950,2024-12-19
951,272,6,951,2024-11-16
952,52,6,952,2024-12-26
953,390,2,953,2026-08-31
954,302,1,954,2024-12-19
955,82,4,955,2024-11-23
956,374,3,956,2025-02-21
957,150,6,957,2025-01-18
958,354,3,958,2026-04-14
959,334,4,959,2024-12-23
960,371,2,960,2025-09-13
961,75,4,961,2025-10-04
962,224,1,962,2025-05-17
963,91,7,963,2024-09-15
964,69,1,964,2025-04-29
965,268,5,965,2026-08-08
966,55,4,966,2025-06-17
967,94,8,967,2026-02-24
968,175,1,968,2026-01-06
969,140,4,969,2026-06-06
970,117,7,970,2026-03-30
971,378,4,971,2025-04-12
972,144,8,972,2025-04-03
973,278,3,973,2026-07-06
974,285,3,974,2024-09-28
975,89,3,975,2025-04-28
976,152,8,976,2024-11-02
977,222,3,977,2026-08-06
978,273,3,978,2026-08-02
979,79,7,979,2024-12-21
980,347,6,980,2025-12-08
981,396,8,981,2024-12-03
982,274,2,982,2026-03-28
983,124,1,983,2026-02-03
984,106,3,984,2025-04-14
985,392,1,985,2024-09-28
986,323,1,986,2025-02-01
987,296,8,987,2025-06-22
988,2,5,988,2025-05-10
989,77,5,989,2026-02-06
990,21,8,990,2024-10-25
991,9,3,991,2025-01-07
992,130,2,992,2026-03-24
993,332,2,993,2024-11-19
994,268,5,994,2024-09-11
995,21,7,995,2025-06-26
996,207,4,996,2026-07-24
997,158,7,997,2025-06-14
998,266,3,998,2025-06-10
999,270,5,999,2026-04-25
1000,324,4,1000,2026-01-18
1001,18,2,1001,2024-11-25
1002,16,2,1002,2025-08-09
1003,7,4,1003,2026-08-06
1004,213,1,1004,2026-05-29
1005,310,2,1005,2025-01-05
1006,311,3,1006,2024-11-15
1007,375,5,1007,2025-01-12
1008,50,2,1008,2025-01-10
1009,185,7,1009,2025-10-13
1010,109,2,1010,2025-02-27
1011,288,3,1011,2026-05-30
1012,271,8,1012,2025-03-18
1013,192,2,1013,2024-10-25
1014,337,5,1014,2026-03-20
1015,396,5,1015,2026-04-07
1016,115,5,1016,2025-01-23
1017,214,1,1017,2026-06-20
1018,113,6,1018,2026-07-19
1019,282,3,1019,2025-03-03
1020,352,3,1020,2025-03-14
1021,301,5,1021,2026-02-04
1022,258,4,1022,2024-11-16
1023,299,8,1023,2026-06-20
1024,177,1,1024,2026-03-23
1025,88,4,1025,2025-08-20
1026,85,2,1026,2024-11-20
1027,122,6,1027,2025-01-14
1028,372,3,1028,2026-04-16
1029,23,2,1029,2025-11-16
1030,73,8,1030,2026-01-25
1031,252,3,1031,2024-12-14
1032,175,8,1032,2026-08-05
1033,164,7,1033,2024-09-30
1034,360,7,1034,2025-10-18
1035,193,3,1035,2024-11-26
1036,45,7,1036,2026-07-28
1037,268,3,1037,2024-11-14
1038,21,5,1038,2025-04-29
1039,369,5,1039,2026-02-02
1040,92,4,1040,2026-03-12
1041,33,8,1041,2026-01-20
1042,253,1,1042,2026-06-21
1043,340,6,1043,2025-10-05
1044,304,7,1044,2025-03-20
1045,114,4,1045,2026-03-14
1046,168,3,1046,2026-02-28
1047,259,2,1047,2026-03-28
1048,396,5,1048,2025-05-26
1049,39,2,1049,2026-01-06
1050,187,4,1050,2025-02-14
1051,244,2,1051,2025-05-02
1052,395,2,1052,2024-10-07
1053,63,8,1053,2026-03-29
1054,286,7,1054,2025-02-14
1055,217,6,1055,2025-07-22
1056,4,1,1056,2024-10-14
1057,3,6,1057,2025-08-15
1058,146,5,1058,2025-06-19
1059,4,3,1059,2025-09-11
1060,65,4,1060,2026-05-15
1061,85,8,1061,2024-10-15
1062,195,3,1062,2026-04-08
1063,284,4,1063,2024-12-14
1064,331,8,1064,2025-02-27
1065,80,4,1065,2025-10-27
1066,372,8,1066,2026-01-18
1067,134,5,1067,2026-04-15
1068,306,8,1068,2026-02-22
1069,23,5,1069,2026-03-22
1070,122,7,1070,2024-11-02
1071,331,2,1071,2026-04-10
1072,108,2,1072,2024-09-24
1073,59,3,1073,2024-11-17
1074,352,8,1074,2025-08-05
1075,196,7,1075,2024-12-17
1076,371,6,1076,2026-07-10
1077,341,5,1077,2026-02-16
1078,12,7,1078,2026-06-03
1079,77,5,1079,2025-09-20
1080,180,7,1080,2024-11-07
1081,188,7,1081,2025-07-12
1082,247,1,1082,2025-11-07
1083,307,1,1083,2025-11-28
1084,351,1,1084,2025-04-16
1085,89,4,1085,2025-05-16
1086,57,1,1086,2026-03-23
1087,63,1,1087,2025-04-01
1088,16,2,1088,2025-08-17
1089,53,4,1089,2024-10-26
1090,347,6,1090,2025-12-02
1091,33,4,1091,2025-01-20
1092,60,1,1092,2025-12-02
1093,367,5,1093,2026-04-11
1094,20,5,1094,2026-06-25
1095,351,2,1095,2025-06-12
1096,128,4,1096,2025-02-26
1097,229,1,1097,2024-11-08
1098,236,3,1098,2024-12-18
1099,280,2,1099,2025-04-29
1100,37,7,1100,2025-05-25
1101,192,8,1101,2024-09-12
1102,215,8,1102,2025-07-25
1103,346,5,1103,2025-02-17
1104,118,2,1104,2025-05-23
1105,399,8,1105,2026-04-18
1106,79,6,1106,2024-12-14
1107,209,5,1107,2026-03-10
1108,205,4,1108,2026-05-22
1109,228,2,1109,2025-11-10
1110,369,7,1110,2024-09-01
1111,49,7,1111,2025-08-07
1112,135,2,1112,2026-05-25
1113,380,8,1113,2024-11-06
1114,374,1,1114,2025-06-10
1115,54,4,1115,2025-08-01
1116,340,4,1116,2026-08-17
1117,161,1,1117,2024-12-23
1118,23,6,1118,2024-12-26
1119,211,3,1119,2024-12-12
1120,298,5,1120,2025-03-03
1121,168,7,1121,2025-05-27
1122,251,8,1122,2025-08-15
1123,260,1,1123,2025-11-10
1124,67,3,1124,2025-01-27
1125,118,1,1125,2024-09-10
1126,52,2,1126,2025-09-17
1127,243,7,1127,2026-01-06
1128,140,8,1128,2025-01-17
1129,28,4,1129,2026-02-24
1130,357,7,1130,2026-02-28
1131,356,4,1131,2026-01-29
1132,240,6,1132,2025-01-28
1133,230,5,1133,2026-03-05
1134,285,7,1134,2026-08-03
1135,32,2,1135,2026-05-15
1136,312,4,1136,2025-07-30
1137,203,8,1137,2025-12-30
1138,219,1,1138,2026-02-27
1139,263,5,1139,2026-03-06
1140,162,8,1140,2026-04-16
1141,130,7,1141,2025-04-27
1142,68,4,1142,2026-03-25
1143,53,3,1143,2024-12-25
1144,109,3,1144,2025-01-28
1145,2,1,1145,2024-11-04
1146,152,4,1146,2025-09-17
1147,333,4,1147,2026-06-19
1148,102,1,1148,2025-12-13
1149,302,7,1149,2025-11-23
1150,7,7,1150,2025-09-15
1151,278,6,1151,2024-12-12
1152,372,7,1152,2025-02-11
1153,339,8,1153,2026-05-23
1154,12,4,1154,2025-01-08
1155,324,3,1155,2025-09-25
1156,185,6,1156,2026-02-05
1157,71,8,1157,2025-07-01
1158,73,8,1158,2025-08-09
1159,24,6,1159,2025-11-20
1160,188,8,1160,2024-09-01
1161,241,3,1161,2026-01-29
1162,47,3,1162,2025-06-05
1163,329,1,1163,2024-12-03
1164,226,1,1164,2026-04-07
1165,304,6,1165,2026-07-29
1166,294,5,1166,2026-03-30
1167,212,6,1167,2025-01-13
1168,320,3,1168,2025-12-30
1169,24,3,1169,2025-08-27
1170,78,7,1170,2026-02-25
1171,278,4,1171,2026-03-15
1172,71,1,1172,2025-08-05
1173,230,6,1173,2025-08-27
1174,393,6,1174,2024-12-19
1175,237,7,1175,2024-12-07
1176,138,2,1176,2026-07-31
1177,290,6,1177,2024-10-31
1178,110,3,1178,2025-08-22
1179,67,8,1179,2026-05-03
1180,342,2,1180,2024-10-20
1181,17,4,1181,2025-11-13
1182,385,4,1182,2025-09-18
1183,199,8,1183,2026-01-02
1184,349,3,1184,2025-04-12
1185,192,4,1185,2024-09-22
1186,195,6,1186,2025-05-20
1187,114,5,1187,2025-08-05
1188,216,1,1188,2025-08-31
1189,78,2,1189,2024-11-30
1190,279,8,1190,2025-07-29
1191,203,1,1191,2025-04-25
1192,40,5,1192,2025-12-18
1193,177,3,1193,2025-04-20
1194,269,2,1194,2026-02-17
1195,224,4,1195,2026-03-03
1196,265,1,1196,2026-08-27
1197,261,5,1197,2025-08-06
1198,71,3,1198,2026-01-02
1199,151,3,1199,2026-06-03
1200,143,5,1200,2026-01-12
1201,68,3,1201,2025-11-24
1202,389,3,1202,2026-01-29
1203,177,4,1203,2025-11-25
1204,46,7,1204,2026-08-01
1205,380,5,1205,2024-11-08
1206,29,6,1206,2025-03-08
1207,186,6,1207,2024-11-01
1208,155,7,1208,2025-02-19
1209,61,2,1209,2025-06-30
1210,264,1,1210,2026-03-01
1211,293,7,1211,2025-05-28
1212,96,6,1212,2026-07-15
1213,362,6,1213,2026-07-17
1214,233,7,1214,2026-04-24
1215,196,2,1215,2025-11-16
1216,358,1,1216,2026-04-10
1217,94,2,1217,2025-05-04
1218,147,1,1218,2026-07-16
1219,331,2,1219,2026-01-21
1220,108,6,1220,2026-07-06
1221,332,1,1221,2026-08-10
1222,209,4,1222,2025-03-19
1223,323,6,1223,2025-02-04
1224,96,6,1224,2025-12-19
1225,294,2,1225,2025-04-11
1226,14,3,1226,2026-04-13
1227,98,3,1227,2024-09-02
1228,18,8,1228,2024-09-26
1229,103,7,1229,2024-10-10
1230,284,4,1230,2026-03-26
1231,386,5,1231,2025-01-13
1232,83,1,1232,2026-06-12
1233,194,3,1233,2026-05-26
1234,326,8,1234,2025-05-09
1235,37,4,1235,2025-09-30
1236,198,2,1236,2025-07-19
1237,220,5,1237,2024-11-13
1238,95,1,1238,2026-01-02
1239,342,1,1239,2024-11-12
1240,38,3,1240,2025-11-11
1241,357,8,1241,2026-06-27
1242,263,6,1242,2025-03-06
1243,181,1,1243,2025-08-24
1244,216,8,1244,2025-06-06
1245,178,7,1245,2026-08-09
1246,379,7,1246,2025-06-06
1247,106,1,1247,2026-08-13
1248,315,5,1248,2026-02-20
1249,132,2,1249,2025-07-10
1250,133,5,1250,2026-04-16
1251,169,7,1251,2025-01-10
1252,155,6,1252,2025-03-17
1253,15,3,1253,2025-08-31
1254,171,7,1254,2025-08-31
1255,357,6,1255,2024-10-14
1256,94,4,1256,2025-08-10
1257,150,3,1257,2025-05-30
1258,231,7,1258,2026-01-30
1259,97,1,1259,2025-07-07
1260,313,5,1260,2025-11-07
1261,9,3,1261,2025-08-05
1262,344,7,1262,2025-12-12
1263,178,6,1263,2025-05-14
1264,41,3,1264,2025-04-25
1265,152,8,1265,2024-11-09
1266,244,8,1266,2025-07-26
1267,185,4,1267,2026-03-04
1268,33,3,1268,2025-02-07
1269,372,3,1269,2025-05-12
1270,40,3,1270,2024-12-12
1271,235,1,1271,2025-04-30
1272,249,5,1272,2026-08-12
1273,128,4,1273,2026-03-25
1274,58,7,1274,2025-02-28
1275,10,5,1275,2026-01-28
1276,351,6,1276,2024-11-13
1277,307,6,1277,2024-12-04
1278,43,3,1278,2026-05-13
1279,60,2,1279,2025-07-28
1280,341,7,1280,2025-04-27
1281,319,5,1281,2026-07-13
1282,14,6,1282,2024-12-09
1283,21,1,1283,2025-06-07
1284,262,2,1284,2026-08-30
1285,168,5,1285,2026-03-24
1286,199,3,1286,2026-04-07
1287,378,7,1287,2026-06-16
1288,338,3,1288,2024-12-24
1289,99,3,1289,2024-09-18
1290,315,8,1290,2025-02-05
1291,11,3,1291,2026-08-25
1292,277,6,1292,2025-03-18
1293,121,1,1293,2025-08-30
1294,257,7,1294,2026-07-22
1295,326,2,1295,2026-06-09
1296,340,3,1296,2025-03-25
1297,247,8,1297,2025-09-30
1298,335,5,1298,2025-05-12
1299,274,4,1299,2026-03-09
1300,375,3,1300,2026-08-20
1301,49,3,1301,2025-07-29
1302,304,3,1302,2025-08-18
1303,392,8,1303,2025-07-03
1304,203,8,1304,2024-09-23
1305,181,5,1305,2025-05-19
1306,274,1,1306,2025-05-30
1307,61,1,1307,2025-02-15
1308,309,1,1308,2024-09-19
1309,114,1,1309,2026-03-24
1310,122,1,1310,2025-01-31
1311,399,6,1311,2026-06-23
1312,134,4,1312,2025-11-23
1313,63,1,1313,2025-04-25
1314,206,6,1314,2025-02-16
1315,313,7,1315,2026-01-03
1316,332,5,1316,2025-11-25
1317,168,3,1317,2024-12-08
1318,306,1,1318,2024-09-04
1319,399,8,1319,2025-05-01
1320,139,4,1320,2026-05-26
1321,168,8,1321,2025-09-13
1322,327,1,1322,2025-09-07
1323,225,5,1323,2024-12-24
1324,149,4,1324,2024-10-08
1325,112,7,1325,2024-11-25
1326,244,4,1326,2024-09-10
1327,263,1,1327,2024-12-13
1328,84,7,1328,2026-04-26
1329,301,1,1329,2026-08-08
1330,117,1,1330,2026-02-27
1331,398,5,1331,2026-05-28
1332,380,2,1332,2026-04-30
1333,312,2,1333,2025-01-19
1334,106,7,1334,2026-01-22
1335,175,7,1335,2026-03-04
1336,276,2,1336,2025-06-09
1337,192,2,1337,2026-06-06
1338,345,7,1338,2024-09-21
1339,219,1,1339,2026-04-11
1340,354,6,1340,2026-02-04
1341,150,8,1341,2026-07-14
1342,291,3,1342,2025-09-01
1343,348,1,1343,2026-07-08
1344,194,5,1344,2025-05-21
1345,280,1,1345,2025-01-17
1346,217,3,1346,2026-02-04
1347,109,1,1347,2026-04-13
1348,139,6,1348,2025-08-26
1349,303,2,1349,2026-02-02
1350,114,4,1350,2025-04-08
1351,179,4,1351,2026-02-07
1352,88,4,1352,2024-11-27
1353,138,5,1353,2024-11-07
1354,354,5,1354,2024-12-12
1355,330,2,1355,2024-10-31
1356,382,7,1356,2025-05-20
1357,356,4,1357,2025-02-24
1358,157,7,1358,2026-02-21
1359,280,7,1359,2025-12-04
1360,239,8,1360,2026-05-13
1361,289,1,1361,2024-09-27
1362,88,3,1362,2024-12-05
1363,261,8,1363,2024-11-17
1364,254,2,1364,2026-04-07
1365,48,7,1365,2024-09-16
1366,229,8,1366,2025-03-04
1367,154,1,1367,2026-07-26
1368,57,6,1368,2026-03-04
1369,388,5,1369,2026-05-15
1370,160,8,1370,2025-05-24
1371,26,7,1371,2026-04-08
1372,211,6,1372,2025-06-08
1373,86,4,1373,2026-01-17
1374,207,8,1374,2025-05-04
1375,399,2,1375,2025-01-03
1376,386,3,1376,2025-04-29
1377,43,7,1377,2026-01-05
1378,126,8,1378,2024-11-24
1379,134,1,1379,2024-11-10
1380,229,6,1380,2025-09-20
1381,362,2,1381,2026-08-07
1382,393,5,1382,2024-09-02
1383,135,6,1383,2025-01-18
1384,82,4,1384,2025-08-19
1385,396,3,1385,2026-03-19
1386,178,1,1386,2025-06-21
1387,29,5,1387,2025-11-11
1388,74,8,1388,2024-11-28
1389,322,7,1389,2024-11-10
1390,367,6,1390,2024-09-12
1391,4,6,1391,2026-01-25
1392,384,3,1392,2025-12-14
1393,215,7,1393,2025-08-26
1394,139,5,1394,2025-12-29
1395,19,7,1395,2024-12-21
1396,372,7,1396,2025-09-23
1397,222,5,1397,2026-05-13
1398,52,8,1398,2025-03-20
1399,371,2,1399,2026-02-23
1400,23,3,1400,2024-12-03
1401,27,5,1401,2026-05-19
1402,358,4,1402,2024-12-17
1403,244,2,1403,2025-05-05
1404,169,6,1404,2024-09-10
1405,272,3,1405,2026-08-25
1406,228,1,1406,2025-12-27
1407,263,2,1407,2026-05-24
1408,252,2,1408,2026-03-03
1409,281,1,1409,2026-07-22
1410,197,7,1410,2026-03-19
1411,61,4,1411,2026-04-15
1412,393,5,1412,2025-02-08
1413,296,3,1413,2025-06-23
1414,39,1,1414,2025-07-21
1415,369,6,1415,2026-03-18
1416,300,7,1416,2025-01-04
1417,69,4,1417,2026-04-30
1418,223,6,1418,2025-06-14
1419,238,2,1419,2025-09-06
1420,117,1,1420,2025-03-10
1421,171,5,1421,2025-10-09
1422,24,8,1422,2024-11-09
1423,206,8,1423,2025-11-02
1424,202,4,1424,2025-02-28
1425,132,1,1425,2025-07-19
1426,207,3,1426,2025-12-11
1427,76,8,1427,2024-12-15
1428,62,8,1428,2024-12-19
1429,279,6,1429,2024-12-26
1430,92,3,1430,2024-10-01
1431,389,1,1431,2025-04-10
1432,212,8,1432,2025-03-07
1433,3,4,1433,2026-03-31
1434,253,3,1434,2026-03-08
1435,334,1,1435,2025-07-03
1436,156,6,1436,2025-03-30
1437,254,6,1437,2025-10-28
1438,88,1,1438,2025-02-17
1439,278,1,1439,2026-04-22
1440,4,3,1440,2025-05-09
1441,170,6,1441,2024-10-31
1442,387,4,1442,2025-03-17
1443,119,2,1443,2025-01-08
1444,61,3,1444,2025-05-07
1445,197,3,1445,2026-05-03
1446,217,5,1446,2025-12-29
1447,323,7,1447,2025-05-16
1448,218,2,1448,2025-12-04
1449,273,5,1449,2025-07-20
1450,139,4,1450,2025-01-21
1451,79,2,1451,2026-01-27
1452,277,2,1452,2026-04-28
1453,317,1,1453,2025-02-17
1454,184,4,1454,2026-03-09
1455,261,5,1455,2025-08-04
1456,42,7,1456,2025-02-20
1457,274,3,1457,2025-08-28
1458,126,5,1458,2024-11-29
1459,185,7,1459,2025-03-18
1460,119,2,1460,2024-10-22
1461,91,3,1461,2025-02-12
1462,271,3,1462,2025-12-17
1463,363,6,1463,2024-09-11
1464,330,5,1464,2025-06-17
1465,200,6,1465,2025-06-10
1466,338,7,1466,2026-02-18
1467,220,2,1467,2025-12-29
1468,254,4,1468,2025-02-24
1469,151,6,1469,2025-04-19
1470,265,7,1470,2026-08-25
1471,173,6,1471,2026-01-07
1472,40,5,1472,2026-07-21
1473,234,5,1473,2025-06-10
1474,240,3,1474,2026-07-28
1475,356,2,1475,2026-02-14
1476,288,7,1476,2024-09-21
1477,117,4,1477,2025-11-29
1478,62,3,1478,2025-03-07
1479,398,2,1479,2026-05-23
1480,294,7,1480,2025-03-29
1481,72,2,1481,2026-08-13
1482,206,8,1482,2024-10-01
1483,298,3,1483,2026-02-04
1484,79,7,1484,2026-08-21
1485,4,7,1485,2025-07-13
1486,155,1,1486,2024-12-25
1487,225,4,1487,2024-09-03
1488,263,5,1488,2026-07-07
1489,242,1,1489,2025-10-01
1490,297,1,1490,2024-12-15
1491,212,5,1491,2024-10-14
1492,323,1,1492,2026-02-13
1493,213,3,1493,2026-06-29
1494,338,6,1494,2026-04-02
1495,69,1,1495,2025-05-04
1496,136,5,1496,2025-06-03
1497,349,8,1497,2024-09-07
1498,337,3,1498,2025-07-03
1499,313,7,1499,2026-06-27
1500,69,5,1500,2024-10-14
1501,125,7,1501,2026-08-20
1502,207,8,1502,2026-05-12
1503,96,7,1503,2025-03-08
1504,177,7,1504,2026-05-18
1505,400,7,1505,2024-09-13
1506,89,1,1506,2026-02-18
1507,335,8,1507,2025-07-13
1508,277,7,1508,2026-06-22
1509,134,7,1509,2025-01-07
1510,270,7,1510,2026-04-09
1511,127,5,1511,2026-01-16
1512,247,6,1512,2024-09-27
1513,391,3,1513,2024-10-17
1514,1,5,1514,2026-01-19
1515,34,1,1515,2026-08-10
1516,337,3,1516,2026-03-06
1517,286,6,1517,2026-02-04
1518,128,2,1518,2025-05-10
1519,7,5,1519,2025-07-24
1520,42,1,1520,2026-07-30
1521,7,3,1521,2025-07-09
1522,176,7,1522,2025-01-14
1523,258,1,1523,2025-11-17
1524,348,2,1524,2026-05-07
1525,172,5,1525,2026-03-21
1526,308,8,1526,2026-07-27
1527,101,2,1527,2025-11-29
1528,68,7,1528,2025-03-04
1529,274,5,1529,2024-09-17
1530,22,7,1530,2024-09-05
1531,220,5,1531,2024-09-09
1532,174,3,1532,2026-08-07
1533,96,7,1533,2024-10-13
1534,303,3,1534,2024-10-15
1535,47,2,1535,2026-03-25
1536,27,6,1536,2026-08-18
1537,6,5,1537,2025-12-04
1538,33,6,1538,2026-01-30
1539,118,2,1539,2025-11-08
1540,32,6,1540,2025-01-11
1541,375,6,1541,2025-04-07
1542,64,4,1542,2025-03-19
1543,4,2,1543,2026-04-01
1544,112,4,1544,2025-01-26
1545,225,8,1545,2025-05-01
1546,353,1,1546,2024-11-06
1547,165,2,1547,2025-08-03
1548,389,7,1548,2026-06-03
1549,231,8,1549,2025-12-23
1550,18,7,1550,2025-10-17
1551,161,3,1551,2026-06-01
1552,363,5,1552,2024-10-25
1553,2,7,1553,2025-02-11
1554,183,7,1554,2025-05-27
1555,362,7,1555,2024-10-06
1556,132,7,1556,2024-12-13
1557,39,2,1557,2025-08-04
1558,358,3,1558,2025-01-19
1559,357,8,1559,2024-11-05
1560,197,2,1560,2025-03-24
1561,2,8,1561,2025-02-05
1562,4,2,1562,2025-02-11
1563,184,8,1563,2025-08-27
1564,198,8,1564,2025-08-12
1565,90,5,1565,2025-07-07
1566,104,4,1566,2026-02-24
1567,153,5,1567,2025-02-05
1568,109,5,1568,2026-07-17
1569,244,8,1569,2026-04-13
1570,108,6,1570,2025-10-04
1571,261,1,1571,2026-04-10
1572,368,5,1572,2025-06-04
1573,226,8,1573,2025-12-27
1574,104,1,1574,2026-01-26
1575,193,5,1575,2025-02-17
1576,94,4,1576,2026-07-05
1577,12,7,1577,2025-02-04
1578,320,1,1578,2025-02-03
1579,140,8,1579,2024-10-27
1580,40,1,1580,2025-12-08
1581,309,1,1581,2026-03-26
1582,106,1,1582,2025-02-07
1583,199,2,1583,2026-02-06
1584,4,7,1584,2025-10-03
1585,284,4,1585,2025-04-18
1586,229,1,1586,2026-01-12
1587,169,6,1587,2026-06-10
1588,276,4,1588,2024-12-17
1589,102,7,1589,2026-03-03
1590,299,8,1590,2025-12-06
1591,211,8,1591,2026-04-12
1592,12,2,1592,2025-11-17
1593,107,2,1593,2025-08-30
1594,202,4,1594,2026-08-29
1595,362,5,1595,2026-06-20
1596,378,6,1596,2024-11-10
1597,197,8,1597,2026-08-28
1598,250,5,1598,2026-05-18
1599,85,2,1599,2026-02-08
1600,51,4,1600,2025-07-05
1601,327,4,1601,2025-03-26
1602,331,7,1602,2026-08-26
1603,64,7,1603,2024-10-10
1604,17,3,1604,2025-01-10
1605,184,1,1605,2024-12-06
1606,109,4,1606,2025-08-25
1607,197,4,1607,2026-01-15
1608,299,3,1608,2026-06-17
1609,281,6,1609,2024-09-03
1610,120,2,1610,2025-05-17
1611,357,8,1611,2026-02-21
1612,226,8,1612,2026-06-29
1613,27,1,1613,2024-12-12
1614,281,2,1614,2026-03-16
1615,164,7,1615,2025-07-06
1616,370,2,1616,2025-09-17
1617,95,4,1617,2024-10-26
1618,210,8,1618,2024-10-08
1619,379,3,1619,2025-01-10
1620,301,3,1620,2025-03-08
1621,15,2,1621,2026-07-12
1622,60,4,1622,2025-02-10
1623,382,1,1623,2026-04-21
1624,125,5,1624,2026-07-10
1625,34,5,1625,2026-01-13
1626,214,7,1626,2025-07-05
1627,82,5,1627,2025-11-27
1628,383,4,1628,2025-02-05
1629,174,8,1629,2024-11-23
1630,290,8,1630,2026-04-28
1631,115,2,1631,2024-12-13
1632,315,7,1632,2026-01-07
1633,384,3,1633,2025-10-03
1634,300,5,1634,2024-09-12
1635,197,5,1635,2026-04-04
1636,282,4,1636,2025-04-12
1637,180,1,1637,2024-12-26
1638,141,2,1638,2025-06-16
1639,47,2,1639,2025-01-23
1640,309,1,1640,2025-05-11
1641,381,6,1641,2025-07-07
1642,303,2,1642,2025-03-30
1643,70,2,1643,2026-04-20
1644,336,2,1644,2025-06-24
1645,154,6,1645,2025-01-18
1646,284,2,1646,2024-10-09
1647,61,6,1647,2025-06-18
1648,211,7,1648,2026-07-10
1649,39,1,1649,2025-01-21
1650,184,7,1650,2025-10-05
1651,340,7,1651,2025-04-02
1652,390,6,1652,2025-01-11
1653,335,5,1653,2024-12-23
1654,134,1,1654,2026-08-19
1655,345,5,1655,2024-12-12
1656,257,2,1656,2025-01-03
1657,140,2,1657,2024-10-10
1658,397,6,1658,2025-03-18
1659,359,6,1659,2026-01-15
1660,277,1,1660,2024-11-14
1661,171,3,1661,2026-02-05
1662,388,6,1662,2026-01-23
1663,177,8,1663,2025-09-17
1664,267,7,1664,2024-09-16
1665,120,8,1665,2025-06-07
1666,301,1,1666,2025-01-22
1667,144,4,1667,2026-01-04
1668,93,6,1668,2024-09-10
1669,17,5,1669,2024-11-21
1670,189,8,1670,2024-11-02
1671,150,6,1671,2025-03-05
1672,144,1,1672,2025-01-22
1673,14,5,1673,2024-11-29
1674,3,7,1674,2025-04-15
1675,78,1,1675,2025-06-27
1676,251,8,1676,2024-11-26
1677,298,6,1677,2025-11-15
1678,33,6,1678,2025-08-29
1679,120,2,1679,2025-09-30
1680,344,8,1680,2026-01-24
1681,295,3,1681,2026-03-22
1682,245,8,1682,2024-09-25
1683,113,8,1683,2024-11-25
1684,126,3,1684,2025-05-08
1685,284,4,1685,2026-08-01
1686,342,1,1686,2025-10-03
1687,113,6,1687,2024-11-05
1688,161,7,1688,2026-05-22
1689,62,1,1689,2025-07-12
1690,119,6,1690,2026-08-21
1691,101,5,1691,2026-01-19
1692,333,3,1692,2024-12-05
1693,356,1,1693,2026-04-05
1694,26,5,1694,2026-01-29
1695,386,4,1695,2025-11-08
1696,190,7,1696,2025-06-14
1697,244,6,1697,2026-02-26
1698,179,7,1698,2025-09-30
1699,245,5,1699,2025-12-14
1700,250,8,1700,2026-03-17
1701,237,2,1701,2025-10-20
1702,365,4,1702,2026-07-12
1703,171,4,1703,2025-09-19
1704,123,4,1704,2026-04-16
1705,240,8,1705,2025-08-10
1706,218,7,1706,2026-03-16
1707,114,5,1707,2025-07-22
1708,370,1,1708,2026-06-17
1709,383,2,1709,2025-01-02
1710,43,3,1710,2024-11-14
1711,346,5,1711,2026-01-14
1712,180,7,1712,2025-10-18
1713,366,6,1713,2025-02-03
1714,46,2,1714,2025-05-23
1715,360,2,1715,2024-10-15
1716,368,4,1716,2026-07-18
1717,366,4,1717,2025-09-02
1718,47,5,1718,2025-09-29
1719,202,6,1719,2025-05-29
1720,343,3,1720,2025-06-25
1721,341,1,1721,2024-11-28
1722,336,4,1722,2025-09-26
1723,2,5,1723,2026-02-27
1724,279,3,1724,2026-06-02
1725,362,4,1725,2026-06-11
1726,71,7,1726,2026-02-15
1727,46,1,1727,2025-08-24
1728,72,7,1728,2026-05-14
1729,51,8,1729,2026-01-04
1730,270,6,1730,2024-09-26
1731,359,4,1731,2025-12-03
1732,124,6,1732,2026-04-03
1733,78,7,1733,2025-07-28
1734,163,1,1734,2024-11-14
1735,293,2,1735,2025-01-21
1736,21,1,1736,2026-06-30
1737,305,3,1737,2026-02-18
1738,64,2,1738,2025-02-01
1739,61,1,1739,2025-09-29
1740,70,5,1740,2025-02-24
1741,369,7,1741,2026-03-10
1742,170,2,1742,2025-06-15
1743,201,5,1743,2026-02-13
1744,269,8,1744,2024-09-05
1745,17,6,1745,2024-09-25
1746,5,1,1746,2025-12-13
1747,303,6,1747,2025-06-04
1748,180,2,1748,2025-08-29
1749,389,6,1749,2025-03-12
1750,27,6,1750,2026-01-21
1751,41,8,1751,2026-07-14
1752,56,7,1752,2025-12-11
1753,342,6,1753,2026-01-01
1754,270,2,1754,2026-02-06
1755,121,6,1755,2024-11-15
1756,285,1,1756,2025-07-13
1757,188,1,1757,2026-07-28
1758,311,2,1758,2024-12-22
1759,128,7,1759,2026-05-23
1760,300,8,1760,2026-01-09
1761,315,2,1761,2024-10-25
1762,290,8,1762,2026-01-13
1763,91,1,1763,2025-01-13
1764,285,1,1764,2025-04-07
1765,25,5,1765,2024-09-09
1766,341,3,1766,2025-12-02
1767,126,5,1767,2025-09-20
1768,275,3,1768,2025-09-06
1769,351,2,1769,2026-07-21
1770,378,7,1770,2026-05-08
1771,132,2,1771,2024-10-22
1772,15,6,1772,2024-12-16
1773,191,2,1773,2024-12-22
1774,216,8,1774,2025-01-24
1775,60,7,1775,2025-01-23
1776,392,7,1776,2025-11-26
1777,51,4,1777,2026-03-12
1778,155,5,1778,2025-10-06
1779,351,5,1779,2025-02-26
1780,129,7,1780,2025-07-18
1781,250,4,1781,2025-10-17
1782,362,2,1782,2026-07-10
1783,144,2,1783,2024-10-15
1784,232,3,1784,2025-01-10
1785,45,2,1785,2025-12-02
1786,30,6,1786,2025-02-13
1787,172,7,1787,2025-08-31
1788,188,6,1788,2025-12-04
1789,86,1,1789,2024-12-26
1790,124,2,1790,2025-12-26
1791,175,7,1791,2025-04-29
1792,36,3,1792,2025-07-28
1793,92,2,1793,2026-08-22
1794,27,4,1794,2024-09-09
1795,236,8,1795,2026-06-14
1796,241,4,1796,2025-11-14
1797,362,5,1797,2024-09-12
1798,139,2,1798,2026-08-06
1799,159,5,1799,2025-06-02
1800,180,2,1800,2024-12-30
1801,99,8,1801,2024-10-10
1802,39,2,1802,2024-09-28
1803,296,3,1803,2024-10-07
1804,299,7,1804,2026-05-08
1805,292,5,1805,2024-12-05
1806,98,4,1806,2025-07-05
1807,398,6,1807,2025-06-22
1808,12,6,1808,2025-02-15
1809,308,2,1809,2025-12-26
1810,282,8,1810,2025-04-06
1811,133,8,1811,2024-09-17
1812,134,8,1812,2024-12-15
1813,259,7,1813,2024-09-21
1814,356,4,1814,2025-09-12
1815,288,7,1815,2024-11-13
1816,155,2,1816,2026-06-07
1817,209,1,1817,2026-07-20
1818,44,1,1818,2024-11-21
1819,258,6,1819,2025-01-29
1820,213,3,1820,2024-10-23
1821,78,4,1821,2025-04-16
1822,183,8,1822,2025-12-17
1823,228,6,1823,2026-08-15
1824,71,6,1824,2025-03-14
1825,216,8,1825,2025-08-30
1826,302,1,1826,2024-10-04
1827,176,3,1827,2025-03-25
1828,344,1,1828,2024-10-08
1829,40,2,1829,2026-05-08
1830,374,5,1830,2025-12-26
1831,144,8,1831,2026-04-21
1832,176,6,1832,2024-09-18
1833,80,2,1833,2025-05-18
1834,249,5,1834,2025-12-06
1835,257,6,1835,2025-02-19
1836,383,3,1836,2025-04-20
1837,255,8,1837,2025-07-07
1838,346,4,1838,2024-09-09
1839,270,6,1839,2026-06-16
1840,57,7,1840,2025-12-16
1841,101,2,1841,2025-05-23
1842,312,6,1842,2026-04-12
1843,28,2,1843,2025-07-26
1844,273,2,1844,2026-07-20
1845,394,6,1845,2025-07-25
1846,51,3,1846,2025-10-22
1847,53,1,1847,2025-11-04
1848,258,3,1848,2025-02-03
1849,183,7,1849,2025-02-22
1850,294,2,1850,2024-09-04
1851,16,1,1851,2026-06-23
1852,63,3,1852,2026-05-18
1853,170,1,1853,2026-08-25
1854,43,6,1854,2025-11-21
1855,357,4,1855,2024-11-15
1856,51,4,1856,2026-03-24
1857,229,2,1857,2026-04-15
1858,370,5,1858,2026-02-16
1859,375,1,1859,2025-09-06
1860,289,6,1860,2025-04-15
1861,86,6,1861,2026-07-12
1862,219,5,1862,2026-07-30
1863,113,8,1863,2025-06-03
1864,177,6,1864,2026-05-08
1865,141,8,1865,2025-06-11
1866,172,4,1866,2025-06-02
1867,307,7,1867,2025-05-02
1868,259,3,1868,2024-11-02
1869,89,5,1869,2025-01-27
1870,43,1,1870,2025-06-09
1871,171,4,1871,2025-11-24
1872,205,7,1872,2026-01-11
1873,137,7,1873,2026-06-11
1874,203,5,1874,2026-06-02
1875,179,7,1875,2025-11-30
1876,46,3,1876,2025-10-01
1877,229,1,1877,2026-01-06
1878,248,6,1878,2025-09-15
1879,310,3,1879,2025-08-14
1880,140,8,1880,2025-11-30
1881,363,4,1881,2026-06-16
1882,53,6,1882,2025-10-26
1883,356,4,1883,2025-07-03
1884,237,8,1884,2025-04-23
1885,173,7,1885,2025-05-19
1886,159,2,1886,2025-07-30
1887,397,6,1887,2026-01-11
1888,272,5,1888,2026-06-06
1889,377,5,1889,2025-11-29
1890,253,8,1890,2026-08-12
1891,365,4,1891,2026-01-25
1892,179,1,1892,2026-07-07
1893,331,5,1893,2026-04-12
1894,187,4,1894,2026-07-13
1895,24,8,1895,2024-10-30
1896,44,4,1896,2025-04-25
1897,310,8,1897,2025-07-15
1898,33,5,1898,2026-02-15
1899,345,4,1899,2025-09-08
1900,374,8,1900,2026-04-29
1901,136,3,1901,2025-07-28
1902,157,7,1902,2025-07-24
1903,57,2,1903,2026-08-06
1904,330,2,1904,2026-08-08
1905,275,5,1905,2026-01-22
1906,125,4,1906,2025-05-07
1907,247,7,1907,2025-06-26
1908,223,2,1908,2026-03-11
1909,49,8,1909,2025-01-29
1910,200,4,1910,2024-10-16
1911,129,1,1911,2026-04-02
1912,204,3,1912,2026-04-17
1913,327,7,1913,2025-01-20
1914,293,1,1914,2026-03-18
1915,186,8,1915,2025-05-04
1916,396,6,1916,2025-01-04
1917,279,4,1917,2025-03-13
1918,42,8,1918,2026-08-18
1919,30,5,1919,2024-11-15
1920,107,4,1920,2025-12-03
1921,347,4,1921,2024-11-21
1922,387,8,1922,2025-05-29
1923,23,5,1923,2026-08-19
1924,54,2,1924,2024-10-23
1925,296,4,1925,2025-07-01
1926,6,7,1926,2025-09-24
1927,192,8,1927,2024-10-12
1928,240,3,1928,2025-11-29
1929,119,4,1929,2026-08-02
1930,195,1,1930,2025-10-16
1931,98,6,1931,2025-11-23
1932,196,5,1932,2025-05-18
1933,160,3,1933,2026-02-25
1934,16,8,1934,2026-03-25
1935,48,6,1935,2026-03-28
1936,359,2,1936,2025-05-16
1937,5,4,1937,2025-03-19
1938,82,1,1938,2024-11-24
1939,138,7,1939,2025-04-27
1940,97,4,1940,2024-09-14
1941,274,1,1941,2025-11-11
1942,206,8,1942,2024-11-17
1943,67,6,1943,2024-11-15
1944,370,6,1944,2025-01-08
1945,102,8,1945,2026-04-23
1946,10,8,1946,2025-08-09
1947,67,6,1947,2026-05-09
1948,385,5,1948,2025-07-02
1949,116,5,1949,2026-03-01
1950,215,1,1950,2026-06-04
1951,134,3,1951,2024-10-04
1952,323,1,1952,2024-12-12
1953,236,3,1953,2025-03-06
1954,268,5,1954,2025-01-07
1955,140,8,1955,2025-07-11
1956,351,7,1956,2026-08-12
1957,84,5,1957,2025-12-21
1958,289,1,1958,2026-04-12
1959,64,7,1959,2026-05-28
1960,142,6,1960,2025-04-06
1961,247,4,1961,2025-06-11
1962,217,5,1962,2024-12-13
1963,276,6,1963,2025-03-15
1964,68,6,1964,2024-12-08
1965,78,5,1965,2025-08-16
1966,19,8,1966,2026-02-12
1967,355,8,1967,2025-07-19
1968,221,2,1968,2024-10-09
1969,79,1,1969,2025-07-19
1970,217,1,1970,2026-01-31
1971,201,2,1971,2025-10-01
1972,196,6,1972,2025-10-15
1973,80,8,1973,2025-02-08
1974,205,8,1974,2026-02-15
1975,195,7,1975,2025-12-05
1976,156,6,1976,2025-11-16
1977,336,8,1977,2025-04-03
1978,178,7,1978,2025-08-06
1979,103,2,1979,2025-09-23
1980,192,5,1980,2025-08-12
1981,382,1,1981,2026-07-14
1982,110,1,1982,2025-03-27
1983,150,4,1983,2025-07-18
1984,355,4,1984,2025-09-03
1985,147,1,1985,2025-09-17
1986,93,4,1986,2026-04-17
1987,214,2,1987,2025-08-01
1988,133,3,1988,2025-05-16
1989,57,1,1989,2026-08-14
1990,136,8,1990,2024-12-04
1991,109,5,1991,2024-11-04
1992,265,2,1992,2024-12-23
1993,198,8,1993,2024-12-12
1994,14,4,1994,2025-04-08
1995,202,5,1995,2024-12-01
1996,19,2,1996,2024-09-28
1997,267,7,1997,2025-12-20
1998,36,8,1998,2024-09-13
1999,234,8,1999,2024-09-05
2000,53,2,2000,2024-11-15
